rank,mode,temperature,sigma,threshold,min_distance,prominence,f1,precision,recall,tp,fp,fn,key
1,segment,0.5,2.5,0.15,0,0.0,0.7736454849498327,0.7470611032166387,0.8021917048134276,5783,1958,1426,segment|T=0.5|sigma=2.5|thr=0.15|dist=0|prom=0
2,segment,0.5,2.5,0.138,0,0.0,0.7735290330887086,0.7216816816816817,0.8334026910805937,6008,2317,1201,segment|T=0.5|sigma=2.5|thr=0.138|dist=0|prom=0
3,segment,0.5,2.5,0.137,0,0.0,0.7731535003211304,0.7198899653151537,0.8349285615203218,6019,2342,1190,segment|T=0.5|sigma=2.5|thr=0.137|dist=0|prom=0
4,segment,0.5,2.5,0.139,0,0.0,0.7730821343312471,0.7226779252110977,0.8310445276737412,5991,2299,1218,segment|T=0.5|sigma=2.5|thr=0.139|dist=0|prom=0
5,segment,0.5,2.5,0.136,0,0.0,0.7729078559528387,0.7182327021555317,0.8365931474545707,6031,2366,1178,segment|T=0.5|sigma=2.5|thr=0.136|dist=0|prom=0
6,segment,0.5,2.5,0.135,0,0.0,0.7727418014447357,0.7166231918425421,0.8383964488833403,6044,2390,1165,segment|T=0.5|sigma=2.5|thr=0.135|dist=0|prom=0
7,segment,0.5,2.5,0.134,0,0.0,0.7724753106084741,0.7143530520857884,0.8408933277847136,6062,2424,1147,segment|T=0.5|sigma=2.5|thr=0.134|dist=0|prom=0
8,peak,0.5,2.5,0.138,16,0.0,0.7680997702658353,0.7290057313730376,0.8116243584408378,5851,2175,1358,peak|T=0.5|sigma=2.5|thr=0.138|dist=16|prom=0
9,peak,0.5,2.5,0.137,16,0.0,0.7676794133053955,0.7270246806399603,0.813150228880566,5862,2201,1347,peak|T=0.5|sigma=2.5|thr=0.137|dist=16|prom=0
10,peak,0.5,2.5,0.139,16,0.0,0.7674801026113268,0.7297973480110083,0.8092661950339853,5834,2160,1375,peak|T=0.5|sigma=2.5|thr=0.139|dist=16|prom=0
11,peak,0.5,2.5,0.135,16,0.0,0.7673464069320477,0.7234643734643734,0.8168955472326259,5889,2251,1320,peak|T=0.5|sigma=2.5|thr=0.135|dist=16|prom=0
12,peak,0.5,2.5,0.136,16,0.0,0.7672610882487425,0.7250617283950618,0.8146760993202941,5873,2227,1336,peak|T=0.5|sigma=2.5|thr=0.136|dist=16|prom=0
13,peak,0.5,2.5,0.134,16,0.0,0.7672424990258476,0.7213334961533765,0.8193924261339992,5907,2282,1302,peak|T=0.5|sigma=2.5|thr=0.134|dist=16|prom=0
14,peak,0.5,2.5,0.15,0,0.0,0.7672122457093631,0.7344582593250444,0.8030239977805521,5789,2093,1420,peak|T=0.5|sigma=2.5|thr=0.15|dist=0|prom=0
15,segment,0.5,2.0,0.15,0,0.0,0.7669229326832927,0.6979522184300341,0.8510195588847275,6135,2655,1074,segment|T=0.5|sigma=2|thr=0.15|dist=0|prom=0
16,segment,0.5,2.5,0.121,0,0.0,0.7668297516566546,0.6926605504587156,0.8587876265778888,6191,2747,1018,segment|T=0.5|sigma=2.5|thr=0.121|dist=0|prom=0
17,peak,0.5,2.5,0.15,16,0.0,0.7665306122448979,0.7521025230276331,0.7815230961298377,5634,1857,1575,peak|T=0.5|sigma=2.5|thr=0.15|dist=16|prom=0
18,peak,0.5,2.5,0.138,0,0.0,0.7662825491818934,0.708166627441751,0.8347898460258011,6018,2480,1191,peak|T=0.5|sigma=2.5|thr=0.138|dist=0|prom=0
19,peak,0.5,2.5,0.139,0,0.0,0.7658433850277618,0.7092198581560284,0.8322929671244278,6000,2460,1209,peak|T=0.5|sigma=2.5|thr=0.139|dist=0|prom=0
20,segment,0.5,2.5,0.118,0,0.0,0.7657896358370817,0.6889135254988914,0.8619780829518657,6214,2806,995,segment|T=0.5|sigma=2.5|thr=0.118|dist=0|prom=0
21,peak,0.5,2.5,0.137,0,0.0,0.7657331555216866,0.70613726868119,0.8363157164655292,6029,2509,1180,peak|T=0.5|sigma=2.5|thr=0.137|dist=0|prom=0
22,peak,0.5,2.5,0.136,0,0.0,0.7651193717940599,0.7039151712887439,0.837980302399778,6041,2541,1168,peak|T=0.5|sigma=2.5|thr=0.136|dist=0|prom=0
23,peak,0.5,2.5,0.135,0,0.0,0.7650625236832133,0.7022608695652174,0.8401997503121099,6057,2568,1152,peak|T=0.5|sigma=2.5|thr=0.135|dist=0|prom=0
24,peak,0.5,2.0,0.15,16,0.0,0.7647965078957505,0.7117935237184849,0.8263282008600361,5957,2412,1252,peak|T=0.5|sigma=2|thr=0.15|dist=16|prom=0
25,peak,0.5,2.5,0.134,0,0.0,0.7646799672729561,0.6998847926267281,0.8426966292134831,6075,2605,1134,peak|T=0.5|sigma=2.5|thr=0.134|dist=0|prom=0
26,peak,0.5,2.5,0.138,24,0.0,0.7643693453964876,0.7343730026843922,0.7969205160216396,5745,2078,1464,peak|T=0.5|sigma=2.5|thr=0.138|dist=24|prom=0
27,peak,0.5,2.5,0.137,24,0.0,0.7641240124809136,0.7327476445123504,0.798307670966847,5755,2099,1454,peak|T=0.5|sigma=2.5|thr=0.137|dist=24|prom=0
28,peak,0.5,2.5,0.135,24,0.0,0.7641073080481036,0.729589905362776,0.8020529893189069,5782,2143,1427,peak|T=0.5|sigma=2.5|thr=0.135|dist=24|prom=0
29,peak,0.5,2.5,0.134,24,0.0,0.7640819553330259,0.727603513174404,0.8044111527257595,5799,2171,1410,peak|T=0.5|sigma=2.5|thr=0.134|dist=24|prom=0
30,peak,0.5,2.5,0.139,24,0.0,0.7637963209810718,0.7350865939704939,0.7948397836038286,5730,2065,1479,peak|T=0.5|sigma=2.5|thr=0.139|dist=24|prom=0
31,peak,0.5,2.5,0.136,24,0.0,0.7637591893502882,0.7307984790874524,0.7998335414065751,5766,2124,1443,peak|T=0.5|sigma=2.5|thr=0.136|dist=24|prom=0
32,segment,0.5,2.0,0.139,0,0.0,0.7632031441906165,0.6847382920110193,0.8619780829518657,6214,2861,995,segment|T=0.5|sigma=2|thr=0.139|dist=0|prom=0
33,peak,0.5,2.0,0.15,24,0.0,0.7628731586494589,0.7195376859707365,0.8117630739353586,5852,2281,1357,peak|T=0.5|sigma=2|thr=0.15|dist=24|prom=0
34,peak,0.5,2.5,0.15,24,0.0,0.7627037062504298,0.7562039814562312,0.7693161326120128,5546,1788,1663,peak|T=0.5|sigma=2.5|thr=0.15|dist=24|prom=0
35,peak,0.5,2.0,0.139,16,0.0,0.7625481406654461,0.6997682502896871,0.8377028714107366,6039,2591,1170,peak|T=0.5|sigma=2|thr=0.139|dist=16|prom=0
36,segment,0.5,2.0,0.138,0,0.0,0.7623483270008579,0.6828411461192228,0.8628103759189901,6220,2889,989,segment|T=0.5|sigma=2|thr=0.138|dist=0|prom=0
37,peak,0.5,2.5,0.121,16,0.0,0.7620070778564206,0.6998258850841556,0.8363157164655292,6029,2586,1180,peak|T=0.5|sigma=2.5|thr=0.121|dist=16|prom=0
38,segment,0.5,2.0,0.137,0,0.0,0.7619630400195815,0.6817037118142998,0.8636426688861146,6226,2907,983,segment|T=0.5|sigma=2|thr=0.137|dist=0|prom=0
39,peak,0.5,2.0,0.138,16,0.0,0.7619407687460618,0.6980718161875072,0.8386738798723817,6046,2615,1163,peak|T=0.5|sigma=2|thr=0.138|dist=16|prom=0
40,segment,0.38780461844336944,2.5,0.118,0,0.0,0.7618494873283033,0.7118582791033984,0.8193924261339992,5907,2391,1302,segment|T=0.38780462|sigma=2.5|thr=0.118|dist=0|prom=0
41,segment,0.5,2.0,0.136,0,0.0,0.7617010876206769,0.6806814458883914,0.8646136773477597,6233,2924,976,segment|T=0.5|sigma=2|thr=0.136|dist=0|prom=0
42,peak,0.5,2.0,0.137,16,0.0,0.7613715004718464,0.6966382684780106,0.8393674573449854,6051,2635,1158,peak|T=0.5|sigma=2|thr=0.137|dist=16|prom=0
43,peak,0.5,2.0,0.139,24,0.0,0.7613176651897515,0.7087517934002869,0.8223054515189346,5928,2436,1281,peak|T=0.5|sigma=2|thr=0.139|dist=24|prom=0
44,peak,0.5,2.5,0.118,16,0.0,0.7612700408676517,0.6961821527138914,0.8397836038285477,6054,2642,1155,peak|T=0.5|sigma=2.5|thr=0.118|dist=16|prom=0
45,peak,0.5,2.0,0.136,16,0.0,0.761007474404874,0.6953627180899908,0.8403384658066306,6058,2654,1151,peak|T=0.5|sigma=2|thr=0.136|dist=16|prom=0
46,segment,0.5,2.0,0.135,0,0.0,0.7609226263119355,0.6792678941061118,0.8648911083368013,6235,2944,974,segment|T=0.5|sigma=2|thr=0.135|dist=0|prom=0
47,peak,0.5,2.0,0.138,24,0.0,0.7607078738137985,0.7072850840586622,0.8228603134970176,5932,2455,1277,peak|T=0.5|sigma=2|thr=0.138|dist=24|prom=0
48,segment,0.38780461844336944,2.5,0.1,0,0.0,0.7606773751712115,0.6900485711058398,0.8474129560271882,6109,2744,1100,segment|T=0.38780462|sigma=2.5|thr=0.1|dist=0|prom=0
49,segment,0.38780461844336944,2.5,0.121,0,0.0,0.760546950942907,0.7136949647287765,0.8139825218476904,5868,2354,1341,segment|T=0.38780462|sigma=2.5|thr=0.121|dist=0|prom=0
50,peak,0.5,2.0,0.135,16,0.0,0.7603990212685865,0.6941580756013745,0.8406158967956721,6060,2670,1149,peak|T=0.5|sigma=2|thr=0.135|dist=16|prom=0
51,segment,0.5,2.0,0.134,0,0.0,0.760175481355106,0.6778224492013474,0.8653072548203634,6238,2965,971,segment|T=0.5|sigma=2|thr=0.134|dist=0|prom=0
52,peak,0.5,2.0,0.137,24,0.0,0.7600998783532876,0.7058263971462545,0.8234151754751006,5936,2474,1273,peak|T=0.5|sigma=2|thr=0.137|dist=24|prom=0
53,peak,0.5,2.5,0.121,24,0.0,0.7600077105956435,0.7079243476179076,0.8203634345956443,5914,2440,1295,peak|T=0.5|sigma=2.5|thr=0.121|dist=24|prom=0
54,peak,0.5,2.0,0.134,16,0.0,0.7599949868404561,0.6931077837467139,0.841170758773755,6064,2685,1145,peak|T=0.5|sigma=2|thr=0.134|dist=16|prom=0
55,peak,0.5,2.0,0.15,0,0.0,0.7597854897367935,0.6837142223208342,0.8549035927313081,6163,2851,1046,peak|T=0.5|sigma=2|thr=0.15|dist=0|prom=0
56,peak,0.5,2.0,0.136,24,0.0,0.7597801073894146,0.7045643153526971,0.8243861839367458,5943,2492,1266,peak|T=0.5|sigma=2|thr=0.136|dist=24|prom=0
57,peak,0.5,2.5,0.118,24,0.0,0.7592864906335912,0.7042220113851992,0.823692606464142,5938,2494,1271,peak|T=0.5|sigma=2.5|thr=0.118|dist=24|prom=0
58,peak,0.5,2.0,0.135,24,0.0,0.7591623036649214,0.7033006033360937,0.8246636149257872,5945,2508,1264,peak|T=0.5|sigma=2|thr=0.135|dist=24|prom=0
59,peak,0.5,2.0,0.15,16,0.001,0.7590400836984242,0.7179614052449282,0.8051047301983631,5804,2280,1405,peak|T=0.5|sigma=2|thr=0.15|dist=16|prom=0.001
60,peak,0.5,2.0,0.134,24,0.0,0.758897818599311,0.7024442082890542,0.8252184769038702,5949,2520,1260,peak|T=0.5|sigma=2|thr=0.134|dist=24|prom=0
61,segment,0.38780461844336944,2.5,0.135,0,0.0,0.7587540852397786,0.7307297019527236,0.7890137328339576,5688,2096,1521,segment|T=0.38780462|sigma=2.5|thr=0.135|dist=0|prom=0
62,segment,0.38780461844336944,2.0,0.135,0,0.0,0.758673274876096,0.6999648258881463,0.8281315022888056,5970,2559,1239,segment|T=0.38780462|sigma=2|thr=0.135|dist=0|prom=0
63,segment,0.38780461844336944,2.0,0.137,0,0.0,0.7585767121540621,0.7019945709902041,0.8250797614093495,5948,2525,1261,segment|T=0.38780462|sigma=2|thr=0.137|dist=0|prom=0
64,peak,0.38780461844336944,2.5,0.118,16,0.0,0.7585434911437413,0.7219854600150414,0.7990012484394506,5760,2218,1449,peak|T=0.38780462|sigma=2.5|thr=0.118|dist=16|prom=0
65,segment,0.38780461844336944,2.0,0.136,0,0.0,0.7584802392923057,0.7007290686735654,0.8266056318490775,5959,2545,1250,segment|T=0.38780462|sigma=2|thr=0.136|dist=0|prom=0
66,segment,0.38780461844336944,2.0,0.118,0,0.0,0.7584241823587711,0.685170677112479,0.8492162574559579,6122,2813,1087,segment|T=0.38780462|sigma=2|thr=0.118|dist=0|prom=0
67,segment,0.38780461844336944,2.5,0.136,0,0.0,0.7583856741948415,0.731597266984659,0.787210431405188,5675,2082,1534,segment|T=0.38780462|sigma=2.5|thr=0.136|dist=0|prom=0
68,segment,0.38780461844336944,2.5,0.134,0,0.0,0.7583638177585633,0.7284692052133913,0.7908170342627271,5701,2125,1508,segment|T=0.38780462|sigma=2.5|thr=0.134|dist=0|prom=0
69,segment,0.38780461844336944,2.0,0.121,0,0.0,0.7583592293349907,0.6869721878166873,0.8463032320710223,6101,2780,1108,segment|T=0.38780462|sigma=2|thr=0.121|dist=0|prom=0
70,segment,0.38780461844336944,2.0,0.138,0,0.0,0.7583301417081578,0.7023767293366442,0.8239700374531835,5940,2517,1269,segment|T=0.38780462|sigma=2|thr=0.138|dist=0|prom=0
71,segment,0.38780461844336944,2.0,0.139,0,0.0,0.7582459728969574,0.703141671606402,0.8227215980024969,5931,2504,1278,segment|T=0.38780462|sigma=2|thr=0.139|dist=0|prom=0
72,segment,0.38780461844336944,2.0,0.134,0,0.0,0.7582138779652416,0.6984924623115578,0.8291025107504508,5977,2580,1232,segment|T=0.38780462|sigma=2|thr=0.134|dist=0|prom=0
73,peak,0.38780461844336944,2.5,0.1,16,0.0,0.7579536777806057,0.7001293052780063,0.8261894853655153,5956,2551,1253,peak|T=0.38780462|sigma=2.5|thr=0.1|dist=16|prom=0
74,peak,0.38780461844336944,2.0,0.135,16,0.0,0.7578727296485038,0.7163146844510312,0.8045498682202802,5800,2297,1409,peak|T=0.38780462|sigma=2|thr=0.135|dist=16|prom=0
75,segment,0.35,2.5,0.1,0,0.0,0.75786143625435,0.6967194043741275,0.8307670966846997,5989,2607,1220,segment|T=0.35|sigma=2.5|thr=0.1|dist=0|prom=0
76,segment,0.38780461844336944,2.5,0.137,0,0.0,0.7578538415165114,0.7327720207253886,0.7847135525038147,5657,2063,1552,segment|T=0.38780462|sigma=2.5|thr=0.137|dist=0|prom=0
77,segment,0.38780461844336944,2.5,0.138,0,0.0,0.7577915099408921,0.7346008594869123,0.7824941045914828,5641,2038,1568,segment|T=0.38780462|sigma=2.5|thr=0.138|dist=0|prom=0
78,peak,0.38780461844336944,2.0,0.121,16,0.0,0.7577655630832162,0.7026194144838213,0.8223054515189346,5928,2509,1281,peak|T=0.38780462|sigma=2|thr=0.121|dist=16|prom=0
79,peak,0.38780461844336944,2.0,0.136,16,0.0,0.7577225130890052,0.7172593235039029,0.8030239977805521,5789,2282,1420,peak|T=0.38780462|sigma=2|thr=0.136|dist=16|prom=0
80,peak,0.38780461844336944,2.0,0.137,16,0.0,0.7576890287887732,0.7185323383084578,0.8013594118463032,5777,2263,1432,peak|T=0.38780462|sigma=2|thr=0.137|dist=16|prom=0
81,peak,0.38780461844336944,2.0,0.118,16,0.0,0.7576278743869035,0.7004711425206125,0.8249410459148286,5947,2543,1262,peak|T=0.38780462|sigma=2|thr=0.118|dist=16|prom=0
82,peak,0.38780461844336944,2.0,0.134,16,0.0,0.7575994781474233,0.7150597217091491,0.8055208766819254,5807,2314,1402,peak|T=0.38780462|sigma=2|thr=0.134|dist=16|prom=0
83,peak,0.38780461844336944,2.0,0.138,16,0.0,0.7575160824471577,0.7190031152647975,0.8003884033846581,5770,2255,1439,peak|T=0.38780462|sigma=2|thr=0.138|dist=16|prom=0
84,peak,0.5,2.5,0.15,0,0.001,0.7573826652963344,0.748307608989981,0.7666805382161187,5527,1859,1682,peak|T=0.5|sigma=2.5|thr=0.15|dist=0|prom=0.001
85,peak,0.38780461844336944,2.0,0.139,16,0.0,0.7573785578123974,0.7197651174412794,0.7991399639339715,5761,2243,1448,peak|T=0.38780462|sigma=2|thr=0.139|dist=16|prom=0
86,peak,0.5,2.5,0.138,0,0.001,0.7573456586332122,0.72265625,0.7955333610764322,5735,2201,1474,peak|T=0.5|sigma=2.5|thr=0.138|dist=0|prom=0.001
87,peak,0.38780461844336944,2.0,0.121,24,0.0,0.757329519599558,0.7126253976021532,0.8080177555832987,5825,2349,1384,peak|T=0.38780462|sigma=2|thr=0.121|dist=24|prom=0
88,peak,0.38780461844336944,2.0,0.118,24,0.0,0.7572576464489373,0.7105679192508817,0.810514634484672,5843,2380,1366,peak|T=0.38780462|sigma=2|thr=0.118|dist=24|prom=0
89,peak,0.38780461844336944,2.5,0.121,16,0.0,0.7572327044025157,0.724290780141844,0.7933139131641004,5719,2177,1490,peak|T=0.38780462|sigma=2.5|thr=0.121|dist=16|prom=0
90,segment,0.38780461844336944,2.5,0.139,0,0.0,0.7572121865732003,0.7364625671954897,0.7791649327229851,5617,2010,1592,segment|T=0.38780462|sigma=2.5|thr=0.139|dist=0|prom=0
91,peak,0.38780461844336944,2.5,0.1,24,0.0,0.7569736586628697,0.7095365202620724,0.8112082119572757,5848,2394,1361,peak|T=0.38780462|sigma=2.5|thr=0.1|dist=24|prom=0
92,peak,0.5,2.5,0.121,0,0.0,0.7569677380008538,0.6754462342185459,0.8608683589956998,6206,2982,1003,peak|T=0.5|sigma=2.5|thr=0.121|dist=0|prom=0
93,peak,0.5,2.0,0.139,16,0.001,0.7569099929128278,0.7066891241578441,0.8148148148148148,5874,2438,1335,peak|T=0.5|sigma=2|thr=0.139|dist=16|prom=0.001
94,peak,0.38780461844336944,2.0,0.135,24,0.0,0.7569038767923527,0.7257797581158498,0.7908170342627271,5701,2154,1508,peak|T=0.38780462|sigma=2|thr=0.135|dist=24|prom=0
95,peak,0.5,2.5,0.137,0,0.001,0.7569028006589786,0.7209389907105197,0.7966430850325982,5743,2223,1466,peak|T=0.5|sigma=2.5|thr=0.137|dist=0|prom=0.001
96,peak,0.5,2.5,0.139,0,0.001,0.7568819481206988,0.7236492471213464,0.7933139131641004,5719,2184,1490,peak|T=0.5|sigma=2.5|thr=0.139|dist=0|prom=0.001
97,peak,0.5,2.5,0.138,16,0.001,0.756848156915793,0.7385163674762407,0.7761131918435289,5595,1981,1614,peak|T=0.5|sigma=2.5|thr=0.138|dist=16|prom=0.001
98,peak,0.38780461844336944,2.0,0.134,24,0.0,0.7566277836691411,0.7244574184541186,0.7917880427243723,5708,2171,1501,peak|T=0.38780462|sigma=2|thr=0.134|dist=24|prom=0
99,peak,0.38780461844336944,2.0,0.136,24,0.0,0.7565806966232385,0.7263560944479898,0.7894298793175197,5691,2144,1518,peak|T=0.38780462|sigma=2|thr=0.136|dist=24|prom=0
100,peak,0.5,2.5,0.135,0,0.001,0.7564766839378237,0.7174670315999004,0.7999722569010959,5767,2271,1442,peak|T=0.5|sigma=2.5|thr=0.135|dist=0|prom=0.001
101,peak,0.5,2.0,0.15,24,0.001,0.7564698075646981,0.7250985879659076,0.7906783187682064,5700,2161,1509,peak|T=0.5|sigma=2|thr=0.15|dist=24|prom=0.001
102,peak,0.5,2.5,0.137,16,0.001,0.756446604563251,0.7367521367521368,0.7772229157996948,5603,2002,1606,peak|T=0.5|sigma=2.5|thr=0.137|dist=16|prom=0.001
103,peak,0.5,2.5,0.135,16,0.001,0.7563680354862559,0.7336375488917862,0.7805520876681925,5627,2043,1582,peak|T=0.5|sigma=2.5|thr=0.135|dist=16|prom=0.001
104,peak,0.5,2.5,0.136,0,0.001,0.756362201617676,0.7190547636909227,0.797752808988764,5751,2247,1458,peak|T=0.5|sigma=2.5|thr=0.136|dist=0|prom=0.001
105,peak,0.5,2.0,0.138,16,0.001,0.7563500739502282,0.7049868137137377,0.81578582327646,5881,2461,1328,peak|T=0.5|sigma=2|thr=0.138|dist=16|prom=0.001
106,peak,0.38780461844336944,2.0,0.137,24,0.0,0.7563428114803223,0.7273309426229508,0.787765293383271,5679,2129,1530,peak|T=0.38780462|sigma=2|thr=0.137|dist=24|prom=0
107,peak,0.5,2.5,0.134,16,0.001,0.7563329312424608,0.7316219369894983,0.7827715355805244,5643,2070,1566,peak|T=0.5|sigma=2.5|thr=0.134|dist=16|prom=0.001
108,peak,0.38780461844336944,2.5,0.118,24,0.0,0.756316000534688,0.7297820198632787,0.7848522679983354,5658,2095,1551,peak|T=0.38780462|sigma=2.5|thr=0.118|dist=24|prom=0
109,peak,0.5,2.5,0.139,16,0.001,0.7563025210084033,0.7393666357493044,0.7740324594257179,5580,1967,1629,peak|T=0.5|sigma=2.5|thr=0.139|dist=16|prom=0.001
110,peak,0.5,2.5,0.134,0,0.001,0.7562442788021447,0.7152752009894867,0.8021917048134276,5783,2302,1426,peak|T=0.5|sigma=2.5|thr=0.134|dist=0|prom=0.001
111,peak,0.38780461844336944,2.0,0.138,24,0.0,0.756198347107438,0.7277742142398974,0.7869330004161464,5673,2122,1536,peak|T=0.38780462|sigma=2|thr=0.138|dist=24|prom=0
112,peak,0.5,2.5,0.136,16,0.001,0.7561485075129708,0.7351939203354297,0.7783326397558608,5611,2021,1598,peak|T=0.5|sigma=2.5|thr=0.136|dist=16|prom=0.001
113,peak,0.38780461844336944,2.0,0.139,24,0.0,0.7559885233869355,0.7283363332476215,0.7858232764599806,5665,2113,1544,peak|T=0.38780462|sigma=2|thr=0.139|dist=24|prom=0
114,peak,0.5,2.0,0.137,16,0.001,0.7558751765763451,0.7036461446503287,0.8164794007490637,5886,2479,1323,peak|T=0.5|sigma=2|thr=0.137|dist=16|prom=0.001
115,peak,0.5,2.0,0.15,0,0.001,0.7558418592901353,0.6937971014492753,0.830073519212096,5984,2641,1225,peak|T=0.5|sigma=2|thr=0.15|dist=0|prom=0.001
116,peak,0.38780461844336944,1.5,0.15,16,0.0,0.7558176806205525,0.702622169249106,0.8177278401997503,5895,2495,1314,peak|T=0.38780462|sigma=1.5|thr=0.15|dist=16|prom=0
117,peak,0.5,2.5,0.118,0,0.0,0.7557899842366921,0.6712977921378568,0.8646136773477597,6233,3052,976,peak|T=0.5|sigma=2.5|thr=0.118|dist=0|prom=0
118,peak,0.35,2.5,0.1,16,0.0,0.75572222940644,0.7077631100884099,0.8106533499791927,5844,2413,1365,peak|T=0.35|sigma=2.5|thr=0.1|dist=16|prom=0
119,segment,0.35,2.0,0.118,0,0.0,0.7557203922554689,0.6909989653983216,0.8338188375641559,6011,2688,1198,segment|T=0.35|sigma=2|thr=0.118|dist=0|prom=0
120,peak,0.5,1.5,0.15,16,0.0,0.7556709314543544,0.6814938684503902,0.8479678180052712,6113,2857,1096,peak|T=0.5|sigma=1.5|thr=0.15|dist=16|prom=0
121,segment,0.38780461844336944,2.0,0.15,0,0.0,0.7556047966631907,0.71259987707437,0.804133721736718,5797,2338,1412,segment|T=0.38780462|sigma=2|thr=0.15|dist=0|prom=0
122,peak,0.5,1.5,0.15,24,0.0,0.7555443548387097,0.6921389818769479,0.8317381051463448,5996,2667,1213,peak|T=0.5|sigma=1.5|thr=0.15|dist=24|prom=0
123,peak,0.5,2.0,0.136,16,0.001,0.7554814719835876,0.7023483132673739,0.8173116937161881,5892,2497,1317,peak|T=0.5|sigma=2|thr=0.136|dist=16|prom=0.001
124,peak,0.5,2.0,0.139,0,0.0,0.7554104703179784,0.6694524804457302,0.8666944097655708,6248,3085,961,peak|T=0.5|sigma=2|thr=0.139|dist=0|prom=0
125,peak,0.5,2.0,0.135,16,0.001,0.7550915844754706,0.701368233194527,0.8177278401997503,5895,2510,1314,peak|T=0.5|sigma=2|thr=0.135|dist=16|prom=0.001
126,peak,0.5,2.0,0.139,24,0.001,0.7550405865409794,0.7148878145531177,0.7999722569010959,5767,2300,1442,peak|T=0.5|sigma=2|thr=0.139|dist=24|prom=0.001
127,peak,0.38780461844336944,1.5,0.15,24,0.0,0.7549729341942215,0.7124569177744953,0.8028852822860314,5788,2336,1421,peak|T=0.38780462|sigma=1.5|thr=0.15|dist=24|prom=0
128,peak,0.35,2.0,0.118,16,0.0,0.7549095607235143,0.7064442026357152,0.810514634484672,5843,2428,1366,peak|T=0.35|sigma=2|thr=0.118|dist=16|prom=0
129,peak,0.38780461844336944,2.5,0.118,0,0.0,0.7549094618719715,0.6985250737463127,0.8211957275627687,5920,2555,1289,peak|T=0.38780462|sigma=2.5|thr=0.118|dist=0|prom=0
130,peak,0.5,2.5,0.15,16,0.001,0.7547908798433347,0.7611792918606292,0.7485088084339021,5396,1693,1813,peak|T=0.5|sigma=2.5|thr=0.15|dist=16|prom=0.001
131,peak,0.38780461844336944,1.5,0.134,16,0.0,0.7547264935719686,0.6915348192631944,0.8306283811901789,5988,2671,1221,peak|T=0.38780462|sigma=1.5|thr=0.134|dist=16|prom=0
132,peak,0.35,2.5,0.1,24,0.0,0.7546996187721835,0.7171767645221736,0.7963656540435566,5741,2264,1468,peak|T=0.35|sigma=2.5|thr=0.1|dist=24|prom=0
133,peak,0.5,2.0,0.134,16,0.001,0.7546856009723021,0.7002611585944919,0.8182827021778333,5899,2525,1310,peak|T=0.5|sigma=2|thr=0.134|dist=16|prom=0.001
134,peak,0.38780461844336944,1.5,0.136,16,0.0,0.7546430827542641,0.6928430576499246,0.8285476487723679,5973,2648,1236,peak|T=0.38780462|sigma=1.5|thr=0.136|dist=16|prom=0
135,peak,0.38780461844336944,2.5,0.121,24,0.0,0.7546181231947336,0.7315707215420683,0.7791649327229851,5617,2061,1592,peak|T=0.38780462|sigma=2.5|thr=0.121|dist=24|prom=0
136,peak,0.38780461844336944,2.5,0.135,16,0.0,0.7545448355688704,0.7409735223321744,0.768622555139409,5541,1937,1668,peak|T=0.38780462|sigma=2.5|thr=0.135|dist=16|prom=0
137,peak,0.38780461844336944,1.5,0.137,16,0.0,0.7544902605615988,0.693362780425433,0.8274379248162019,5965,2638,1244,peak|T=0.38780462|sigma=1.5|thr=0.137|dist=16|prom=0
138,peak,0.5,2.0,0.138,24,0.001,0.7544777095045103,0.7134380022252441,0.8005271188791788,5771,2318,1438,peak|T=0.5|sigma=2|thr=0.138|dist=24|prom=0.001
139,peak,0.38780461844336944,1.5,0.139,16,0.0,0.7544371196754565,0.6946422318197736,0.8254959078929116,5951,2616,1258,peak|T=0.38780462|sigma=1.5|thr=0.139|dist=16|prom=0
140,peak,0.5,2.0,0.138,0,0.0,0.7544325171873116,0.6673423663714926,0.867665418227216,6255,3118,954,peak|T=0.5|sigma=2|thr=0.138|dist=0|prom=0
141,peak,0.38780461844336944,1.5,0.138,16,0.0,0.754368194479615,0.6938395248631652,0.8264669163545568,5958,2629,1251,peak|T=0.38780462|sigma=1.5|thr=0.138|dist=16|prom=0
142,peak,0.38780461844336944,1.5,0.135,16,0.0,0.7543051788305053,0.6916936603424341,0.8293799417394923,5979,2665,1230,peak|T=0.38780462|sigma=1.5|thr=0.135|dist=16|prom=0
143,peak,0.38780461844336944,1.5,0.134,24,0.0,0.754235112936345,0.7017313432835821,0.815230961298377,5877,2498,1332,peak|T=0.38780462|sigma=1.5|thr=0.134|dist=24|prom=0
144,peak,0.38780461844336944,2.5,0.134,16,0.0,0.7542275042444821,0.7388238424693986,0.7702871410736579,5553,1963,1656,peak|T=0.38780462|sigma=2.5|thr=0.134|dist=16|prom=0
145,peak,0.38780461844336944,1.5,0.136,24,0.0,0.7541152263374485,0.7028646769747093,0.8134276598696074,5864,2479,1345,peak|T=0.38780462|sigma=1.5|thr=0.136|dist=24|prom=0
146,peak,0.38780461844336944,2.5,0.136,16,0.0,0.7541095423231704,0.7418142780461621,0.7668192537106395,5528,1924,1681,peak|T=0.38780462|sigma=2.5|thr=0.136|dist=16|prom=0
147,peak,0.38780461844336944,2.5,0.121,0,0.0,0.7540079517763243,0.7011329755515802,0.8155083922874186,5879,2506,1330,peak|T=0.38780462|sigma=2.5|thr=0.121|dist=0|prom=0
148,segment,0.35,2.0,0.1,0,0.0,0.7539716616573637,0.6758302177259732,0.8525454293244555,6146,2948,1063,segment|T=0.35|sigma=2|thr=0.1|dist=0|prom=0
149,peak,0.5,2.0,0.137,24,0.001,0.7539656635550623,0.7120838471023427,0.8010819808572618,5775,2335,1434,peak|T=0.5|sigma=2|thr=0.137|dist=24|prom=0.001
150,peak,0.38780461844336944,2.0,0.15,16,0.0,0.7539491298527443,0.7284956667960161,0.7812456651407962,5632,2099,1577,peak|T=0.38780462|sigma=2|thr=0.15|dist=16|prom=0
151,peak,0.35,2.0,0.118,24,0.0,0.7539411455596426,0.716032439176544,0.7960882230545152,5739,2276,1470,peak|T=0.35|sigma=2|thr=0.118|dist=24|prom=0
152,peak,0.38780461844336944,1.5,0.135,24,0.0,0.7539172874389931,0.701901231615449,0.8142599528367319,5870,2493,1339,peak|T=0.38780462|sigma=1.5|thr=0.135|dist=24|prom=0
153,peak,0.5,2.0,0.137,0,0.0,0.7539128340958343,0.6659576730830586,0.8686364266888611,6262,3141,947,peak|T=0.5|sigma=2|thr=0.137|dist=0|prom=0
154,peak,0.38780461844336944,1.5,0.137,24,0.0,0.7539105246218217,0.7033389382656738,0.8123179359134415,5856,2470,1353,peak|T=0.38780462|sigma=1.5|thr=0.137|dist=24|prom=0
155,peak,0.38780461844336944,1.5,0.138,24,0.0,0.7537856820671435,0.7038507821901324,0.8113469274517964,5849,2461,1360,peak|T=0.38780462|sigma=1.5|thr=0.138|dist=24|prom=0
156,peak,0.38780461844336944,2.5,0.137,16,0.0,0.7537757124308071,0.7428609913793104,0.7650159522818699,5515,1909,1694,peak|T=0.38780462|sigma=2.5|thr=0.137|dist=16|prom=0
157,peak,0.38780461844336944,1.5,0.139,24,0.0,0.7537260468417316,0.704583835946924,0.8102372034956304,5841,2449,1368,peak|T=0.38780462|sigma=1.5|thr=0.139|dist=24|prom=0
158,segment,0.35,2.0,0.121,0,0.0,0.7536762385610604,0.6914080592867068,0.8282702177833264,5971,2665,1238,segment|T=0.35|sigma=2|thr=0.121|dist=0|prom=0
159,peak,0.5,2.0,0.136,24,0.001,0.7536175205318733,0.7108078199926227,0.8019142738243862,5781,2352,1428,peak|T=0.5|sigma=2|thr=0.136|dist=24|prom=0.001
160,peak,0.38780461844336944,2.5,0.138,16,0.0,0.7535616438356165,0.7442835881477473,0.7630739353585796,5501,1890,1708,peak|T=0.38780462|sigma=2.5|thr=0.138|dist=16|prom=0
161,peak,0.35,2.0,0.121,16,0.0,0.7535517353227376,0.707774798927614,0.8056595921764461,5808,2398,1401,peak|T=0.35|sigma=2|thr=0.121|dist=16|prom=0
162,peak,0.35,2.0,0.1,16,0.0,0.7534695937421146,0.69096378572255,0.8284089332778471,5972,2671,1237,peak|T=0.35|sigma=2|thr=0.1|dist=16|prom=0
163,peak,0.38780461844336944,2.0,0.1,24,0.0,0.753414264036419,0.6922272568839317,0.8264669163545568,5958,2649,1251,peak|T=0.38780462|sigma=2|thr=0.1|dist=24|prom=0
164,peak,0.38780461844336944,2.5,0.135,0,0.0,0.7534083388484448,0.7204151373243893,0.7895685948120406,5692,2209,1517,peak|T=0.38780462|sigma=2.5|thr=0.135|dist=0|prom=0
165,peak,0.5,2.0,0.136,0,0.0,0.7533950246364619,0.6645817873423089,0.8696074351505063,6269,3164,940,peak|T=0.5|sigma=2|thr=0.136|dist=0|prom=0
166,peak,0.5,2.0,0.135,24,0.001,0.7532230759213439,0.7097803411461528,0.8023304203079484,5784,2365,1425,peak|T=0.5|sigma=2|thr=0.135|dist=24|prom=0.001
167,peak,0.35,2.0,0.1,24,0.0,0.7531466735165682,0.7011837857228267,0.8134276598696074,5864,2499,1345,peak|T=0.35|sigma=2|thr=0.1|dist=24|prom=0
168,peak,0.38780461844336944,2.5,0.136,0,0.0,0.7531003382187146,0.7214739517153749,0.7876265778887501,5678,2192,1531,peak|T=0.38780462|sigma=2.5|thr=0.136|dist=0|prom=0
169,segment,0.38780461844336944,1.5,0.15,0,0.0,0.7530109319992587,0.678690714762859,0.8456096545984186,6096,2886,1113,segment|T=0.38780462|sigma=1.5|thr=0.15|dist=0|prom=0
170,segment,0.35,2.5,0.118,0,0.0,0.7529998032915874,0.7140014921661278,0.7965043695380774,5742,2300,1467,segment|T=0.35|sigma=2.5|thr=0.118|dist=0|prom=0
171,peak,0.38780461844336944,2.0,0.1,16,0.0,0.7529937333250604,0.6811854512797485,0.841725620751838,6068,2840,1141,peak|T=0.38780462|sigma=2|thr=0.1|dist=16|prom=0
172,peak,0.38780461844336944,2.5,0.134,0,0.0,0.7529691211401426,0.7180067950169875,0.7915106117353309,5706,2241,1503,peak|T=0.38780462|sigma=2.5|thr=0.134|dist=0|prom=0
173,peak,0.5,2.0,0.134,24,0.001,0.752959542084038,0.7088793631353337,0.8028852822860314,5788,2377,1421,peak|T=0.5|sigma=2|thr=0.134|dist=24|prom=0.001
174,peak,0.38780461844336944,2.0,0.135,0,0.0,0.7528938097634625,0.6888454011741683,0.830073519212096,5984,2703,1225,peak|T=0.38780462|sigma=2|thr=0.135|dist=0|prom=0
175,segment,0.38780461844336944,2.0,0.1,0,0.0,0.7528801495868266,0.6660618996798292,0.8657234013039257,6241,3129,968,segment|T=0.38780462|sigma=2|thr=0.1|dist=0|prom=0
176,peak,0.38780461844336944,2.0,0.137,0,0.0,0.7528579549043138,0.6910946196660482,0.8267443473435983,5960,2664,1249,peak|T=0.38780462|sigma=2|thr=0.137|dist=0|prom=0
177,peak,0.38780461844336944,2.5,0.139,16,0.0,0.7528344671201815,0.7459150326797386,0.7598834789846026,5478,1866,1731,peak|T=0.38780462|sigma=2.5|thr=0.139|dist=16|prom=0
178,peak,0.5,2.5,0.121,16,0.001,0.752814873003404,0.7127804636172059,0.7976140934942433,5750,2317,1459,peak|T=0.5|sigma=2.5|thr=0.121|dist=16|prom=0.001
179,peak,0.38780461844336944,2.0,0.139,0,0.0,0.7528025840775223,0.6926573426573427,0.8243861839367458,5943,2637,1266,peak|T=0.38780462|sigma=2|thr=0.139|dist=0|prom=0
180,peak,0.38780461844336944,2.0,0.138,0,0.0,0.7527983304875736,0.691771269177127,0.8256346233874324,5952,2652,1257,peak|T=0.38780462|sigma=2|thr=0.138|dist=0|prom=0
181,segment,0.35,2.5,0.121,0,0.0,0.7527179284443566,0.7168674698795181,0.7923429047024553,5712,2256,1497,segment|T=0.35|sigma=2.5|thr=0.121|dist=0|prom=0
182,peak,0.38780461844336944,2.0,0.136,0,0.0,0.7527098563145955,0.6896870308349694,0.8284089332778471,5972,2687,1237,peak|T=0.38780462|sigma=2|thr=0.136|dist=0|prom=0
183,peak,0.38780461844336944,2.5,0.137,0,0.0,0.7527096216503757,0.722860791826309,0.785129698987377,5660,2170,1549,peak|T=0.38780462|sigma=2.5|thr=0.137|dist=0|prom=0
184,peak,0.35,1.5,0.137,16,0.0,0.7526096701889209,0.6990245063050202,0.8150922458038563,5876,2530,1333,peak|T=0.35|sigma=1.5|thr=0.137|dist=16|prom=0
185,peak,0.38780461844336944,2.5,0.1,0,0.0,0.752593138157491,0.6749229414354909,0.8504646969066445,6131,2953,1078,peak|T=0.38780462|sigma=2.5|thr=0.1|dist=0|prom=0
186,peak,0.35,2.0,0.121,24,0.0,0.7525718807702454,0.7172847265870522,0.7915106117353309,5706,2249,1503,peak|T=0.35|sigma=2|thr=0.121|dist=24|prom=0
187,peak,0.38780461844336944,2.5,0.138,0,0.0,0.7525505101020205,0.7245762711864406,0.7827715355805244,5643,2145,1566,peak|T=0.38780462|sigma=2.5|thr=0.138|dist=0|prom=0
188,peak,0.5,2.0,0.135,0,0.0,0.7525501020040802,0.663106693454584,0.8698848661395477,6271,3186,938,peak|T=0.5|sigma=2|thr=0.135|dist=0|prom=0
189,peak,0.35,1.5,0.134,16,0.0,0.7525220278380794,0.6971489412043061,0.8174504092107089,5893,2560,1316,peak|T=0.35|sigma=1.5|thr=0.134|dist=16|prom=0
190,peak,0.35,1.5,0.135,16,0.0,0.752476513069598,0.6976771746859446,0.8166181162435844,5887,2551,1322,peak|T=0.35|sigma=1.5|thr=0.135|dist=16|prom=0
191,peak,0.38780461844336944,2.0,0.134,0,0.0,0.7524329754504928,0.6873136040376233,0.8311832431682619,5992,2726,1217,peak|T=0.38780462|sigma=2|thr=0.134|dist=0|prom=0
192,peak,0.35,1.5,0.136,16,0.0,0.752366334100793,0.6979945413551679,0.8159245387709807,5882,2545,1327,peak|T=0.35|sigma=1.5|thr=0.136|dist=16|prom=0
193,peak,0.5,2.5,0.138,24,0.001,0.7523450872988703,0.7428339643050298,0.7621029268969344,5494,1902,1715,peak|T=0.5|sigma=2.5|thr=0.138|dist=24|prom=0.001
194,peak,0.5,2.5,0.134,24,0.001,0.7523421588594704,0.7367371360191464,0.768622555139409,5541,1980,1668,peak|T=0.5|sigma=2.5|thr=0.134|dist=24|prom=0.001
195,peak,0.5,2.5,0.118,16,0.001,0.7523139095293964,0.7095782614041559,0.8005271188791788,5771,2362,1438,peak|T=0.5|sigma=2.5|thr=0.118|dist=16|prom=0.001
196,peak,0.5,2.5,0.135,24,0.001,0.7522973248927914,0.7385725741780272,0.766541822721598,5526,1956,1683,peak|T=0.5|sigma=2.5|thr=0.135|dist=24|prom=0.001
197,peak,0.35,1.5,0.138,16,0.0,0.7521959351157274,0.6993323795898904,0.813705090858649,5866,2522,1343,peak|T=0.35|sigma=1.5|thr=0.138|dist=16|prom=0
198,segment,0.5,2.0,0.121,0,0.0,0.7521183912161357,0.6599643941774008,0.8741850464696906,6302,3247,907,segment|T=0.5|sigma=2|thr=0.121|dist=0|prom=0
199,peak,0.5,2.5,0.137,24,0.001,0.7521017018659011,0.7413096200485044,0.7632126508531003,5502,1920,1707,peak|T=0.5|sigma=2.5|thr=0.137|dist=24|prom=0.001
200,peak,0.5,2.0,0.121,16,0.0,0.7520864015709376,0.6743699790910092,0.8500485504230822,6128,2959,1081,peak|T=0.5|sigma=2|thr=0.121|dist=16|prom=0
201,peak,0.5,2.0,0.139,0,0.001,0.7520486714675937,0.6806382739633666,0.8401997503121099,6057,2842,1152,peak|T=0.5|sigma=2|thr=0.139|dist=0|prom=0.001
202,peak,0.38780461844336944,2.5,0.139,0,0.0,0.7519571763131482,0.7263443640124095,0.7794423637120267,5619,2117,1590,peak|T=0.38780462|sigma=2.5|thr=0.139|dist=0|prom=0
203,peak,0.35,1.5,0.121,16,0.0,0.7519374960619998,0.688870930501039,0.8277153558052435,5967,2695,1242,peak|T=0.35|sigma=1.5|thr=0.121|dist=16|prom=0
204,peak,0.35,1.5,0.118,24,0.0,0.7519201228878648,0.6980392156862745,0.8148148148148148,5874,2541,1335,peak|T=0.35|sigma=1.5|thr=0.118|dist=24|prom=0
205,peak,0.38780461844336944,1.5,0.121,24,0.0,0.7518977732793523,0.6911268752180486,0.8243861839367458,5943,2656,1266,peak|T=0.38780462|sigma=1.5|thr=0.121|dist=24|prom=0
206,peak,0.35,1.5,0.121,24,0.0,0.7518932101142344,0.699629762331303,0.812595366902483,5858,2515,1351,peak|T=0.35|sigma=1.5|thr=0.121|dist=24|prom=0
207,peak,0.5,1.5,0.15,16,0.001,0.7518759379689844,0.6845041557554367,0.8339575530586767,6012,2771,1197,peak|T=0.5|sigma=1.5|thr=0.15|dist=16|prom=0.001
208,peak,0.5,2.5,0.136,24,0.001,0.7518591799140342,0.7397959183673469,0.7643223748092662,5510,1938,1699,peak|T=0.5|sigma=2.5|thr=0.136|dist=24|prom=0.001
209,peak,0.5,2.5,0.139,24,0.001,0.7518518518518519,0.7435897435897436,0.7602996254681648,5481,1890,1728,peak|T=0.5|sigma=2.5|thr=0.139|dist=24|prom=0.001
210,peak,0.5,1.5,0.15,24,0.001,0.7517992484555124,0.6950070654733868,0.8186988486613955,5902,2590,1307,peak|T=0.5|sigma=1.5|thr=0.15|dist=24|prom=0.001
211,peak,0.35,1.5,0.137,24,0.0,0.7517591868647381,0.7088094360486547,0.8002496878901373,5769,2370,1440,peak|T=0.35|sigma=1.5|thr=0.137|dist=24|prom=0
212,segment,0.5,2.5,0.1,0,0.0,0.7517569982132222,0.6586995094457782,0.8754334859203773,6311,3270,898,segment|T=0.5|sigma=2.5|thr=0.1|dist=0|prom=0
213,peak,0.35,1.5,0.118,16,0.0,0.751727603970348,0.6869904696291192,0.8299348037175752,5983,2726,1226,peak|T=0.35|sigma=1.5|thr=0.118|dist=16|prom=0
214,peak,0.5,2.0,0.134,0,0.0,0.7517220724767896,0.6615011596036264,0.8704397281176307,6275,3211,934,peak|T=0.5|sigma=2|thr=0.134|dist=0|prom=0
215,segment,0.5,1.5,0.15,0,0.0,0.7516954193932183,0.6580564524528695,0.8764044943820225,6318,3283,891,segment|T=0.5|sigma=1.5|thr=0.15|dist=0|prom=0
216,peak,0.38780461844336944,1.5,0.118,24,0.0,0.7516863140641745,0.6889299745782297,0.8270217783326398,5962,2692,1247,peak|T=0.38780462|sigma=1.5|thr=0.118|dist=24|prom=0
217,peak,0.35,1.5,0.135,24,0.0,0.7516743611418167,0.7074663402692778,0.8017755583298655,5780,2390,1429,peak|T=0.35|sigma=1.5|thr=0.135|dist=24|prom=0
218,peak,0.35,1.5,0.139,16,0.0,0.7516528660376147,0.6995221027479092,0.8121792204189208,5855,2515,1354,peak|T=0.35|sigma=1.5|thr=0.139|dist=16|prom=0
219,peak,0.35,1.5,0.134,24,0.0,0.7516403560059767,0.7068670576735093,0.8024691358024691,5785,2399,1424,peak|T=0.35|sigma=1.5|thr=0.134|dist=24|prom=0
220,peak,0.38780461844336944,2.0,0.121,0,0.0,0.7516259663762425,0.673891517218616,0.84963240393952,6125,2964,1084,peak|T=0.38780462|sigma=2|thr=0.121|dist=0|prom=0
221,peak,0.5,2.0,0.121,24,0.0,0.7515947467166978,0.684318414759139,0.8335414065751144,6009,2772,1200,peak|T=0.5|sigma=2|thr=0.121|dist=24|prom=0
222,peak,0.35,1.5,0.136,24,0.0,0.7515616866215513,0.7078073293295747,0.8010819808572618,5775,2384,1434,peak|T=0.35|sigma=1.5|thr=0.136|dist=24|prom=0
223,peak,0.38780461844336944,1.5,0.121,16,0.0,0.7515512534127575,0.6799146738520265,0.8400610348175891,6056,2851,1153,peak|T=0.38780462|sigma=1.5|thr=0.121|dist=16|prom=0
224,peak,0.38780461844336944,2.0,0.118,0,0.0,0.7514973719594181,0.6716923413088605,0.852822860313497,6148,3005,1061,peak|T=0.38780462|sigma=2|thr=0.118|dist=0|prom=0
225,peak,0.35,1.5,0.138,24,0.0,0.7513372472276582,0.7091491195665558,0.7988625329449299,5759,2362,1450,peak|T=0.35|sigma=1.5|thr=0.138|dist=24|prom=0
226,peak,0.38780461844336944,2.0,0.15,24,0.0,0.7513062360046141,0.7353878852284803,0.7679289776668053,5536,1992,1673,peak|T=0.38780462|sigma=2|thr=0.15|dist=24|prom=0
227,peak,0.5,2.0,0.138,0,0.001,0.7512388503468781,0.6786793508673755,0.841170758773755,6064,2871,1145,peak|T=0.5|sigma=2|thr=0.138|dist=0|prom=0.001
228,segment,0.38780461844336944,1.5,0.134,0,0.0,0.7511378117604224,0.6676375404530744,0.8585101955888472,6189,3081,1020,segment|T=0.38780462|sigma=1.5|thr=0.134|dist=0|prom=0
229,peak,0.38780461844336944,1.5,0.118,16,0.0,0.7510663287383322,0.6774085637823372,0.8426966292134831,6075,2893,1134,peak|T=0.38780462|sigma=1.5|thr=0.118|dist=16|prom=0
230,peak,0.38780461844336944,1.5,0.15,16,0.001,0.7510499450797959,0.702951136913401,0.8062144541545291,5812,2456,1397,peak|T=0.38780462|sigma=1.5|thr=0.15|dist=16|prom=0.001
231,peak,0.5,2.5,0.121,0,0.001,0.7510344388567063,0.694,0.8182827021778333,5899,2601,1310,peak|T=0.5|sigma=2.5|thr=0.121|dist=0|prom=0.001
232,peak,0.35,1.5,0.15,16,0.0,0.7510246568212868,0.7071796128399902,0.8006658343736995,5772,2390,1437,peak|T=0.35|sigma=1.5|thr=0.15|dist=16|prom=0
233,peak,0.35,1.5,0.139,24,0.0,0.7509468460232467,0.7094386181369525,0.7976140934942433,5750,2355,1459,peak|T=0.35|sigma=1.5|thr=0.139|dist=24|prom=0
234,peak,0.38780461844336944,2.5,0.135,24,0.0,0.7509139822032145,0.7468441273326015,0.7550284366763768,5443,1845,1766,peak|T=0.38780462|sigma=2.5|thr=0.135|dist=24|prom=0
235,peak,0.35,2.5,0.1,0,0.0,0.7509061367329085,0.683270783577846,0.8334026910805937,6008,2785,1201,peak|T=0.35|sigma=2.5|thr=0.1|dist=0|prom=0
236,segment,0.38780461844336944,1.5,0.136,0,0.0,0.7508208682962423,0.6683988307892172,0.8564294631710362,6174,3063,1035,segment|T=0.38780462|sigma=1.5|thr=0.136|dist=0|prom=0
237,peak,0.5,2.0,0.137,0,0.001,0.7508038585209003,0.6773401762802633,0.8421417672354002,6071,2892,1138,peak|T=0.5|sigma=2|thr=0.137|dist=0|prom=0.001
238,peak,0.38780461844336944,2.0,0.135,16,0.001,0.7507451811618202,0.7184330628803245,0.786100707449022,5667,2221,1542,peak|T=0.38780462|sigma=2|thr=0.135|dist=16|prom=0.001
239,segment,0.38780461844336944,1.5,0.137,0,0.0,0.7507152858099471,0.6689086569754827,0.8553197392148703,6166,3052,1043,segment|T=0.38780462|sigma=1.5|thr=0.137|dist=0|prom=0
240,peak,0.38780461844336944,2.0,0.136,16,0.001,0.7506965636194772,0.719389701207883,0.7848522679983354,5658,2207,1551,peak|T=0.38780462|sigma=2|thr=0.136|dist=16|prom=0.001
241,peak,0.38780461844336944,2.5,0.134,24,0.0,0.7506709792856651,0.7448784485113357,0.7565543071161048,5454,1868,1755,peak|T=0.38780462|sigma=2.5|thr=0.134|dist=24|prom=0
242,segment,0.38780461844336944,1.5,0.135,0,0.0,0.7506376776387707,0.6676028951064059,0.8572617561381606,6180,3077,1029,segment|T=0.38780462|sigma=1.5|thr=0.135|dist=0|prom=0
243,peak,0.38780461844336944,2.0,0.137,16,0.001,0.750581511264704,0.720464404184741,0.7833263975586073,5647,2191,1562,peak|T=0.38780462|sigma=2|thr=0.137|dist=16|prom=0.001
244,segment,0.38780461844336944,2.5,0.15,0,0.0,0.7505739929033605,0.7529313232830821,0.7482313774448606,5394,1770,1815,segment|T=0.38780462|sigma=2.5|thr=0.15|dist=0|prom=0
245,peak,0.38780461844336944,2.0,0.15,0,0.0,0.7505658669081033,0.7030530651805186,0.8049660147038424,5803,2451,1406,peak|T=0.38780462|sigma=2|thr=0.15|dist=0|prom=0
246,segment,0.38780461844336944,1.5,0.139,0,0.0,0.7505338295406015,0.6698976257895883,0.8532390067970592,6151,3031,1058,segment|T=0.38780462|sigma=1.5|thr=0.139|dist=0|prom=0
247,segment,0.38780461844336944,1.5,0.138,0,0.0,0.7505179768433882,0.6692750787957831,0.8542100152587044,6158,3043,1051,segment|T=0.38780462|sigma=1.5|thr=0.138|dist=0|prom=0
248,peak,0.38780461844336944,2.0,0.134,16,0.001,0.7504960973673765,0.7172841067138703,0.7869330004161464,5673,2236,1536,peak|T=0.38780462|sigma=2|thr=0.134|dist=16|prom=0.001
249,peak,0.35,2.5,0.118,16,0.0,0.7504017139796465,0.7252491264397567,0.7773616312942155,5604,2123,1605,peak|T=0.35|sigma=2.5|thr=0.118|dist=16|prom=0
250,peak,0.38780461844336944,2.0,0.138,16,0.001,0.7503991484832359,0.7209510417998211,0.7823553890969621,5640,2183,1569,peak|T=0.38780462|sigma=2|thr=0.138|dist=16|prom=0.001
251,peak,0.38780461844336944,2.5,0.136,24,0.0,0.7503627444206453,0.7475220264317181,0.7532251352476071,5430,1834,1779,peak|T=0.38780462|sigma=2.5|thr=0.136|dist=24|prom=0
252,segment,0.35,2.0,0.134,0,0.0,0.75030607642245,0.7006016847172082,0.8076016090997364,5822,2488,1387,segment|T=0.35|sigma=2|thr=0.134|dist=0|prom=0
253,segment,0.5,2.0,0.118,0,0.0,0.7502820832591007,0.6559709241952233,0.8762657788875017,6317,3313,892,segment|T=0.5|sigma=2|thr=0.118|dist=0|prom=0
254,peak,0.5,2.0,0.136,0,0.001,0.7502469135802469,0.6758981203425648,0.8429740602025246,6077,2914,1132,peak|T=0.5|sigma=2|thr=0.136|dist=0|prom=0.001
255,peak,0.5,2.5,0.118,0,0.001,0.7502375372141635,0.6903707157845652,0.8214731585518102,5922,2656,1287,peak|T=0.5|sigma=2.5|thr=0.118|dist=0|prom=0.001
256,peak,0.5,2.5,0.15,24,0.001,0.7502295035661324,0.7640966628308401,0.73685670689416,5312,1640,1897,peak|T=0.5|sigma=2.5|thr=0.15|dist=24|prom=0.001
257,peak,0.38780461844336944,2.0,0.121,16,0.001,0.7502271842139425,0.7050140295229962,0.8016368428353448,5779,2418,1430,peak|T=0.38780462|sigma=2|thr=0.121|dist=16|prom=0.001
258,peak,0.5,2.0,0.118,16,0.0,0.7500916086478564,0.6700490998363339,0.8518518518518519,6141,3024,1068,peak|T=0.5|sigma=2|thr=0.118|dist=16|prom=0
259,peak,0.38780461844336944,1.5,0.134,16,0.001,0.750047664442326,0.6921182266009852,0.8185601331668747,5901,2625,1308,peak|T=0.38780462|sigma=1.5|thr=0.134|dist=16|prom=0.001
260,peak,0.38780461844336944,2.0,0.139,16,0.001,0.75001665223473,0.7214249103024091,0.7809682341517548,5630,2174,1579,peak|T=0.38780462|sigma=2|thr=0.139|dist=16|prom=0.001
261,peak,0.35,1.5,0.15,24,0.0,0.7500165376728187,0.7168689934243804,0.7863781384380635,5669,2239,1540,peak|T=0.35|sigma=1.5|thr=0.15|dist=24|prom=0
262,peak,0.38780461844336944,1.5,0.136,16,0.001,0.7499840754188165,0.6934040047114252,0.8166181162435844,5887,2603,1322,peak|T=0.38780462|sigma=1.5|thr=0.136|dist=16|prom=0.001
263,peak,0.38780461844336944,1.5,0.15,24,0.001,0.7499342969776609,0.7123954562476594,0.7916493272298516,5707,2304,1502,peak|T=0.38780462|sigma=1.5|thr=0.15|dist=24|prom=0.001
264,peak,0.38780461844336944,1.5,0.137,16,0.001,0.7499043489350848,0.6939690782485542,0.8156471077819393,5880,2593,1329,peak|T=0.38780462|sigma=1.5|thr=0.137|dist=16|prom=0.001
265,peak,0.5,1.5,0.139,24,0.0,0.7498911488461777,0.6797474064050518,0.8361770009710084,6028,2840,1181,peak|T=0.5|sigma=1.5|thr=0.139|dist=24|prom=0
266,peak,0.38780461844336944,2.5,0.137,24,0.0,0.7498615725359913,0.748307777317309,0.7514218338188375,5417,1822,1792,peak|T=0.38780462|sigma=2.5|thr=0.137|dist=24|prom=0
267,peak,0.38780461844336944,1.5,0.138,16,0.001,0.7498563860343397,0.694490423267912,0.8148148148148148,5874,2584,1335,peak|T=0.38780462|sigma=1.5|thr=0.138|dist=16|prom=0.001
268,peak,0.38780461844336944,2.0,0.118,16,0.001,0.7498382295845736,0.7027289266221952,0.8037175752531558,5794,2451,1415,peak|T=0.38780462|sigma=2|thr=0.118|dist=16|prom=0.001
269,peak,0.38780461844336944,1.5,0.139,16,0.001,0.7498242699214008,0.6951421800947867,0.8138438063531697,5867,2573,1342,peak|T=0.38780462|sigma=1.5|thr=0.139|dist=16|prom=0.001
270,segment,0.35,2.0,0.135,0,0.0,0.7498063516653757,0.701195219123506,0.8056595921764461,5808,2475,1401,segment|T=0.35|sigma=2|thr=0.135|dist=0|prom=0
271,peak,0.38780461844336944,2.5,0.138,24,0.0,0.7497225305216427,0.7498265575135286,0.7496185323900679,5404,1803,1805,peak|T=0.38780462|sigma=2.5|thr=0.138|dist=24|prom=0
272,peak,0.38780461844336944,1.5,0.135,16,0.001,0.7496978563704598,0.6923167293233082,0.8174504092107089,5893,2619,1316,peak|T=0.38780462|sigma=1.5|thr=0.135|dist=16|prom=0.001
273,peak,0.5,1.5,0.139,16,0.0,0.7496800146279027,0.6686236138290933,0.8531002913025385,6150,3048,1059,peak|T=0.5|sigma=1.5|thr=0.139|dist=16|prom=0
274,peak,0.35,2.0,0.134,16,0.0,0.7496686986482906,0.7176201953570975,0.7847135525038147,5657,2226,1552,peak|T=0.35|sigma=2|thr=0.134|dist=16|prom=0
275,peak,0.5,2.0,0.135,0,0.001,0.7496455212379015,0.6746560142032845,0.8433902066860869,6080,2932,1129,peak|T=0.5|sigma=2|thr=0.135|dist=0|prom=0.001
276,peak,0.5,2.0,0.118,24,0.0,0.7496108101376175,0.6801129943502825,0.8349285615203218,6019,2831,1190,peak|T=0.5|sigma=2|thr=0.118|dist=24|prom=0
277,peak,0.35,2.5,0.121,16,0.0,0.7495459132189709,0.7276645768025078,0.7727840199750312,5571,2085,1638,peak|T=0.35|sigma=2.5|thr=0.121|dist=16|prom=0
278,peak,0.5,2.5,0.121,24,0.001,0.7495019258865719,0.7189450885463117,0.7827715355805244,5643,2206,1566,peak|T=0.5|sigma=2.5|thr=0.121|dist=24|prom=0.001
279,segment,0.35,2.0,0.137,0,0.0,0.7494491250810109,0.7033207638973361,0.8020529893189069,5782,2439,1427,segment|T=0.35|sigma=2|thr=0.137|dist=0|prom=0
280,peak,0.38780461844336944,2.0,0.121,24,0.001,0.7493236555592213,0.714573370249182,0.7876265778887501,5678,2268,1531,peak|T=0.38780462|sigma=2|thr=0.121|dist=24|prom=0.001
281,peak,0.38780461844336944,2.0,0.135,24,0.001,0.7492768247561387,0.7274033437826541,0.7725065889859898,5569,2087,1640,peak|T=0.38780462|sigma=2|thr=0.135|dist=24|prom=0.001
282,peak,0.38780461844336944,1.5,0.134,24,0.001,0.7492724568324388,0.7018415313787255,0.8035788597586351,5793,2461,1416,peak|T=0.38780462|sigma=1.5|thr=0.134|dist=24|prom=0.001
283,segment,0.35,2.0,0.136,0,0.0,0.7492560486479493,0.702024487816705,0.8033014287695935,5791,2458,1418,segment|T=0.35|sigma=2|thr=0.136|dist=0|prom=0
284,peak,0.35,2.0,0.118,0,0.0,0.7492544731610339,0.6785191853268819,0.83645443196005,6030,2857,1179,peak|T=0.35|sigma=2|thr=0.118|dist=0|prom=0
285,peak,0.35,2.0,0.135,16,0.0,0.7492033988316517,0.7183959261616805,0.7827715355805244,5643,2212,1566,peak|T=0.35|sigma=2|thr=0.135|dist=16|prom=0
286,peak,0.38780461844336944,1.5,0.136,24,0.001,0.749092794193883,0.7029064818192874,0.8017755583298655,5780,2443,1429,peak|T=0.38780462|sigma=1.5|thr=0.136|dist=24|prom=0.001
287,peak,0.38780461844336944,2.0,0.118,24,0.001,0.7490789473684211,0.7124264797897635,0.7897073103065613,5693,2298,1516,peak|T=0.38780462|sigma=2|thr=0.118|dist=24|prom=0.001
288,peak,0.38780461844336944,2.0,0.136,24,0.001,0.7490571120689654,0.7279748658201335,0.7713968650298239,5561,2078,1648,peak|T=0.38780462|sigma=2|thr=0.136|dist=24|prom=0.001
289,peak,0.38780461844336944,2.0,0.134,24,0.001,0.7490259304044069,0.7261951283053276,0.7733388819531142,5575,2102,1634,peak|T=0.38780462|sigma=2|thr=0.134|dist=24|prom=0.001
290,segment,0.35,1.5,0.137,0,0.0,0.7490128331688055,0.6745193910434493,0.8420030517408794,6070,2929,1139,segment|T=0.35|sigma=1.5|thr=0.137|dist=0|prom=0
291,peak,0.5,2.5,0.118,24,0.001,0.7490081988891828,0.7156032849020847,0.7856845609654598,5664,2251,1545,peak|T=0.5|sigma=2.5|thr=0.118|dist=24|prom=0.001
292,segment,0.35,2.0,0.138,0,0.0,0.7489770734558682,0.7042012701514412,0.7998335414065751,5766,2422,1443,segment|T=0.35|sigma=2|thr=0.138|dist=0|prom=0
293,peak,0.38780461844336944,1.5,0.137,24,0.001,0.7489621172807474,0.7034239064213477,0.8008045498682203,5773,2434,1436,peak|T=0.38780462|sigma=1.5|thr=0.137|dist=24|prom=0.001
294,peak,0.38780461844336944,1.5,0.135,24,0.001,0.7489482881366902,0.7020140742538219,0.8026078512969899,5786,2456,1423,peak|T=0.38780462|sigma=1.5|thr=0.135|dist=24|prom=0.001
295,peak,0.5,1.5,0.138,24,0.0,0.748944099378882,0.67810145090541,0.8363157164655292,6029,2862,1180,peak|T=0.5|sigma=1.5|thr=0.138|dist=24|prom=0
296,peak,0.5,2.0,0.134,0,0.001,0.7489382655259432,0.6731577782695286,0.8439450686641697,6084,2954,1125,peak|T=0.5|sigma=2|thr=0.134|dist=0|prom=0.001
297,peak,0.38780461844336944,1.5,0.138,24,0.001,0.7489124082851762,0.7039794921875,0.7999722569010959,5767,2425,1442,peak|T=0.38780462|sigma=1.5|thr=0.138|dist=24|prom=0.001
298,peak,0.38780461844336944,2.5,0.139,24,0.0,0.7488692505740727,0.7513264451270595,0.746428076016091,5381,1781,1828,peak|T=0.38780462|sigma=2.5|thr=0.139|dist=24|prom=0
299,peak,0.38780461844336944,2.0,0.137,24,0.001,0.7487857528332433,0.7288246881155613,0.7698709945900957,5550,2065,1659,peak|T=0.38780462|sigma=2|thr=0.137|dist=24|prom=0.001
300,peak,0.38780461844336944,1.5,0.139,24,0.001,0.7487486186049536,0.7045510154147296,0.7988625329449299,5759,2415,1450,peak|T=0.38780462|sigma=1.5|thr=0.139|dist=24|prom=0.001
301,peak,0.5,1.5,0.138,16,0.0,0.7487067129206986,0.666991975710258,0.8532390067970592,6151,3071,1058,peak|T=0.5|sigma=1.5|thr=0.138|dist=16|prom=0
302,peak,0.35,2.0,0.137,16,0.0,0.7487008660892739,0.7202922702217665,0.7794423637120267,5619,2182,1590,peak|T=0.35|sigma=2|thr=0.137|dist=16|prom=0
303,peak,0.5,1.5,0.137,24,0.0,0.7486816800049632,0.6772166105499439,0.8370092939381328,6034,2876,1175,peak|T=0.5|sigma=1.5|thr=0.137|dist=24|prom=0
304,peak,0.35,2.0,0.136,16,0.0,0.7486695050558808,0.7192892752141122,0.7805520876681925,5627,2196,1582,peak|T=0.35|sigma=2|thr=0.136|dist=16|prom=0
305,peak,0.38780461844336944,2.0,0.138,24,0.001,0.7486327729390317,0.7292817679558011,0.7690387016229713,5544,2058,1665,peak|T=0.38780462|sigma=2|thr=0.138|dist=24|prom=0.001
306,peak,0.35,1.5,0.137,16,0.001,0.7485983115292906,0.6990852190659606,0.8056595921764461,5808,2500,1401,peak|T=0.35|sigma=1.5|thr=0.137|dist=16|prom=0.001
307,segment,0.35,1.5,0.138,0,0.0,0.7485791944650358,0.6747967479674797,0.8404771813011513,6059,2920,1150,segment|T=0.35|sigma=1.5|thr=0.138|dist=0|prom=0
308,segment,0.35,1.5,0.134,0,0.0,0.7485545577561815,0.6724499944745276,0.8440837841586906,6085,2964,1124,segment|T=0.35|sigma=1.5|thr=0.134|dist=0|prom=0
309,peak,0.5,1.5,0.137,16,0.0,0.7484498480243161,0.6661616708148469,0.8539325842696629,6156,3085,1053,peak|T=0.5|sigma=1.5|thr=0.137|dist=16|prom=0
310,segment,0.35,1.5,0.136,0,0.0,0.7484443349146694,0.6732431833296386,0.8425579137189624,6074,2948,1135,segment|T=0.35|sigma=1.5|thr=0.136|dist=0|prom=0
311,segment,0.35,1.5,0.15,0,0.0,0.7484300427028385,0.6837636259323007,0.8266056318490775,5959,2756,1250,segment|T=0.35|sigma=1.5|thr=0.15|dist=0|prom=0
312,segment,0.35,1.5,0.135,0,0.0,0.7484299963058736,0.6728661574227831,0.8431127756970453,6078,2955,1131,segment|T=0.35|sigma=1.5|thr=0.135|dist=0|prom=0
313,peak,0.35,2.0,0.138,16,0.0,0.748381066826891,0.7213642213642214,0.7775003467887363,5605,2165,1604,peak|T=0.35|sigma=2|thr=0.138|dist=16|prom=0
314,peak,0.35,1.5,0.134,16,0.001,0.7483613931371289,0.6971148090506405,0.8077403245942572,5823,2530,1386,peak|T=0.35|sigma=1.5|thr=0.134|dist=16|prom=0.001
315,peak,0.5,2.5,0.1,16,0.0,0.7483423565910335,0.6664138678223185,0.8532390067970592,6151,3079,1058,peak|T=0.5|sigma=2.5|thr=0.1|dist=16|prom=0
316,peak,0.35,2.0,0.118,16,0.001,0.748313576527605,0.7088089330024814,0.792481620196976,5713,2347,1496,peak|T=0.35|sigma=2|thr=0.118|dist=16|prom=0.001
317,peak,0.35,1.5,0.135,16,0.001,0.7483115713642503,0.6976493163828256,0.8069080316271328,5817,2521,1392,peak|T=0.35|sigma=1.5|thr=0.135|dist=16|prom=0.001
318,peak,0.35,1.5,0.138,16,0.001,0.748258064516129,0.6994331202508745,0.8044111527257595,5799,2492,1410,peak|T=0.35|sigma=1.5|thr=0.138|dist=16|prom=0.001
319,peak,0.38780461844336944,2.0,0.139,24,0.001,0.748225751943224,0.729633535460058,0.7677902621722846,5535,2051,1674,peak|T=0.38780462|sigma=2|thr=0.139|dist=24|prom=0.001
320,peak,0.5,1.5,0.136,24,0.0,0.7482183801202206,0.6761872759856631,0.8374254404216951,6037,2891,1172,peak|T=0.5|sigma=1.5|thr=0.136|dist=24|prom=0
321,peak,0.35,1.5,0.136,16,0.001,0.7481977342945418,0.6979704575477362,0.8062144541545291,5812,2515,1397,peak|T=0.35|sigma=1.5|thr=0.136|dist=16|prom=0.001
322,segment,0.35,2.0,0.139,0,0.0,0.7481780322748567,0.7046206642970952,0.7974753779997226,5749,2410,1460,segment|T=0.35|sigma=2|thr=0.139|dist=0|prom=0
323,peak,0.35,1.5,0.1,24,0.0,0.7481509339350632,0.6824471126357918,0.8278540712997642,5968,2777,1241,peak|T=0.35|sigma=1.5|thr=0.1|dist=24|prom=0
324,peak,0.35,2.0,0.134,24,0.0,0.7481162540365985,0.7263226649248857,0.7712581495353031,5560,2095,1649,peak|T=0.35|sigma=2|thr=0.134|dist=24|prom=0
325,segment,0.35,1.5,0.139,0,0.0,0.7481133242607942,0.675114435636932,0.8388125953669024,6047,2910,1162,segment|T=0.35|sigma=1.5|thr=0.139|dist=0|prom=0
326,peak,0.35,2.5,0.118,24,0.0,0.7480304265145341,0.7328010645375915,0.763906228325704,5507,2008,1702,peak|T=0.35|sigma=2.5|thr=0.118|dist=24|prom=0
327,peak,0.5,1.5,0.136,16,0.0,0.747950695245613,0.6651187904967603,0.8543487307532251,6159,3101,1050,peak|T=0.5|sigma=1.5|thr=0.136|dist=16|prom=0
328,peak,0.5,2.5,0.1,24,0.0,0.747906976744186,0.6763122476446837,0.83645443196005,6030,2886,1179,peak|T=0.5|sigma=2.5|thr=0.1|dist=24|prom=0
329,peak,0.35,2.0,0.121,0,0.0,0.7478781827259112,0.6797504254112309,0.8311832431682619,5992,2823,1217,peak|T=0.35|sigma=2|thr=0.121|dist=0|prom=0
330,peak,0.5,1.5,0.135,24,0.0,0.7478336221837087,0.6751983905219626,0.837980302399778,6041,2906,1168,peak|T=0.5|sigma=1.5|thr=0.135|dist=24|prom=0
331,peak,0.35,2.0,0.139,16,0.0,0.7477097960548311,0.7217918925897238,0.7755583298654459,5591,2155,1618,peak|T=0.35|sigma=2|thr=0.139|dist=16|prom=0
332,peak,0.35,1.5,0.139,16,0.001,0.7476261223435179,0.6995889748549323,0.8027465667915106,5787,2485,1422,peak|T=0.35|sigma=1.5|thr=0.139|dist=16|prom=0.001
333,peak,0.35,2.0,0.135,24,0.0,0.7475904832513312,0.7270582066072365,0.7693161326120128,5546,2082,1663,peak|T=0.35|sigma=2|thr=0.135|dist=24|prom=0
334,peak,0.35,1.5,0.121,16,0.001,0.7475888324873097,0.6889252718980237,0.8171729782216673,5891,2660,1318,peak|T=0.35|sigma=1.5|thr=0.121|dist=16|prom=0.001
335,peak,0.35,1.5,0.137,24,0.001,0.7475581776466731,0.7086751180710912,0.7909557497572479,5702,2344,1507,peak|T=0.35|sigma=1.5|thr=0.137|dist=24|prom=0.001
336,peak,0.5,1.5,0.134,24,0.0,0.7475409836065574,0.674631531933899,0.8381190178942988,6042,2914,1167,peak|T=0.5|sigma=1.5|thr=0.134|dist=24|prom=0
337,peak,0.5,1.5,0.135,16,0.0,0.7475286554672812,0.6641163793103448,0.8549035927313081,6163,3117,1046,peak|T=0.5|sigma=1.5|thr=0.135|dist=16|prom=0
338,peak,0.38780461844336944,1.5,0.121,24,0.001,0.7474631437870954,0.6921985815602837,0.8123179359134415,5856,2604,1353,peak|T=0.38780462|sigma=1.5|thr=0.121|dist=24|prom=0.001
339,peak,0.35,1.5,0.118,16,0.001,0.7474376818929522,0.6871001512155404,0.8193924261339992,5907,2690,1302,peak|T=0.35|sigma=1.5|thr=0.118|dist=16|prom=0.001
340,peak,0.38780461844336944,1.5,0.121,16,0.001,0.7474317213730896,0.6814391776127927,0.8275766403107228,5966,2789,1243,peak|T=0.38780462|sigma=1.5|thr=0.121|dist=16|prom=0.001
341,peak,0.5,2.0,0.121,16,0.001,0.7473796522939811,0.6824850985786337,0.8259120543764739,5954,2770,1255,peak|T=0.5|sigma=2|thr=0.121|dist=16|prom=0.001
342,peak,0.35,1.5,0.118,24,0.001,0.7473419679103035,0.6978339350180506,0.8044111527257595,5799,2511,1410,peak|T=0.35|sigma=1.5|thr=0.118|dist=24|prom=0.001
343,peak,0.35,1.5,0.135,24,0.001,0.747317456163308,0.7072445820433436,0.7922041892079346,5711,2364,1498,peak|T=0.35|sigma=1.5|thr=0.135|dist=24|prom=0.001
344,peak,0.35,1.5,0.121,24,0.001,0.7473024487949861,0.6994436381228835,0.8021917048134276,5783,2485,1426,peak|T=0.35|sigma=1.5|thr=0.121|dist=24|prom=0.001
345,peak,0.35,1.5,0.134,24,0.001,0.7472872270885083,0.7066386450735567,0.7928977666805382,5716,2373,1493,peak|T=0.35|sigma=1.5|thr=0.134|dist=24|prom=0.001
346,peak,0.38780461844336944,1.5,0.118,24,0.001,0.7472163898962907,0.690173953925717,0.8145373838257733,5872,2636,1337,peak|T=0.38780462|sigma=1.5|thr=0.118|dist=24|prom=0.001
347,peak,0.35,1.5,0.138,24,0.001,0.7472109200682505,0.7090546767966123,0.7897073103065613,5693,2336,1516,peak|T=0.35|sigma=1.5|thr=0.138|dist=24|prom=0.001
348,peak,0.35,1.5,0.136,24,0.001,0.7472009428403065,0.7075892857142857,0.7915106117353309,5706,2358,1503,peak|T=0.35|sigma=1.5|thr=0.136|dist=24|prom=0.001
349,peak,0.35,1.5,0.15,16,0.001,0.7471866003663962,0.7071207430340557,0.7920654737134137,5710,2365,1499,peak|T=0.35|sigma=1.5|thr=0.15|dist=16|prom=0.001
350,peak,0.38780461844336944,2.5,0.118,16,0.001,0.7471504687394618,0.7270937253872407,0.7683451241503676,5539,2079,1670,peak|T=0.38780462|sigma=2.5|thr=0.118|dist=16|prom=0.001
351,peak,0.5,1.5,0.134,16,0.0,0.747060962307599,0.6632949531905735,0.8550423082258288,6164,3129,1045,peak|T=0.5|sigma=1.5|thr=0.134|dist=16|prom=0
352,peak,0.35,2.5,0.121,24,0.0,0.74704878880928,0.7351598173515982,0.7593286170065197,5474,1972,1735,peak|T=0.35|sigma=2.5|thr=0.121|dist=24|prom=0
353,peak,0.35,2.5,0.118,0,0.0,0.7470458382028308,0.7021847918955205,0.7980302399778055,5753,2440,1456,peak|T=0.35|sigma=2.5|thr=0.118|dist=0|prom=0
354,peak,0.38780461844336944,2.5,0.15,0,0.0,0.7470246332687518,0.7452712964241337,0.7487862394229435,5398,1845,1811,peak|T=0.38780462|sigma=2.5|thr=0.15|dist=0|prom=0
355,peak,0.35,2.0,0.136,24,0.0,0.74694401296684,0.7278231113450908,0.767096684699681,5530,2068,1679,peak|T=0.35|sigma=2|thr=0.136|dist=24|prom=0
356,peak,0.38780461844336944,1.5,0.118,16,0.001,0.7469097265576226,0.6790782154614599,0.8297960882230545,5982,2827,1227,peak|T=0.38780462|sigma=1.5|thr=0.118|dist=16|prom=0.001
357,segment,0.35,1.5,0.121,0,0.0,0.7468929978781449,0.663364204178333,0.8544874462477459,6160,3126,1049,segment|T=0.35|sigma=1.5|thr=0.121|dist=0|prom=0
358,peak,0.35,2.0,0.1,16,0.001,0.746890627003462,0.6943616640839194,0.8080177555832987,5825,2564,1384,peak|T=0.35|sigma=2|thr=0.1|dist=16|prom=0.001
359,peak,0.35,2.0,0.137,24,0.0,0.7468722526543585,0.7286883082607548,0.765986960743515,5522,2056,1687,peak|T=0.35|sigma=2|thr=0.137|dist=24|prom=0
360,peak,0.35,2.5,0.121,0,0.0,0.7468652037617555,0.7056645686782673,0.7931751976695797,5718,2385,1491,peak|T=0.35|sigma=2.5|thr=0.121|dist=0|prom=0
361,peak,0.38780461844336944,2.0,0.135,0,0.001,0.7468459814281139,0.6936711872472043,0.8088500485504231,5831,2575,1378,peak|T=0.38780462|sigma=2|thr=0.135|dist=0|prom=0.001
362,peak,0.35,2.0,0.118,24,0.001,0.7468051118210862,0.7178502879078695,0.77819392426134,5610,2205,1599,peak|T=0.35|sigma=2|thr=0.118|dist=24|prom=0.001
363,peak,0.38780461844336944,2.0,0.137,0,0.001,0.7467866323907455,0.6957250628667225,0.8059370231654875,5810,2541,1399,peak|T=0.38780462|sigma=2|thr=0.137|dist=0|prom=0.001
364,peak,0.35,2.0,0.121,16,0.001,0.746761359900046,0.7099274818704676,0.7876265778887501,5678,2320,1531,peak|T=0.35|sigma=2|thr=0.121|dist=16|prom=0.001
365,peak,0.38780461844336944,2.0,0.136,0,0.001,0.7467607440667093,0.6945471900727836,0.8074628936052157,5821,2560,1388,peak|T=0.38780462|sigma=2|thr=0.136|dist=0|prom=0.001
366,peak,0.5,1.5,0.139,24,0.001,0.7467589679043423,0.6834466075336942,0.8229990289915383,5933,2748,1276,peak|T=0.5|sigma=1.5|thr=0.139|dist=24|prom=0.001
367,peak,0.35,1.5,0.139,24,0.001,0.7467314893896589,0.7093110334498253,0.7883201553613539,5683,2329,1526,peak|T=0.35|sigma=1.5|thr=0.139|dist=24|prom=0.001
368,peak,0.38780461844336944,2.0,0.15,16,0.001,0.7466793168880455,0.7299589240757917,0.7641836593147454,5509,2038,1700,peak|T=0.38780462|sigma=2|thr=0.15|dist=16|prom=0.001
369,peak,0.38780461844336944,2.5,0.1,16,0.001,0.7466788822721026,0.7067641228939544,0.7913718962408101,5705,2367,1504,peak|T=0.38780462|sigma=2.5|thr=0.1|dist=16|prom=0.001
370,peak,0.38780461844336944,2.0,0.138,0,0.001,0.7466700984492632,0.6963514162265962,0.8048272992093217,5802,2530,1407,peak|T=0.38780462|sigma=2|thr=0.138|dist=0|prom=0.001
371,peak,0.35,2.0,0.138,24,0.0,0.7465437788018432,0.7298264210944746,0.7640449438202247,5508,2039,1701,peak|T=0.35|sigma=2|thr=0.138|dist=24|prom=0
372,peak,0.35,1.5,0.1,16,0.0,0.7465160537786236,0.6696035242290749,0.8433902066860869,6080,3000,1129,peak|T=0.35|sigma=1.5|thr=0.1|dist=16|prom=0
373,segment,0.35,1.5,0.118,0,0.0,0.7464797244213454,0.661383593917327,0.8567068941600777,6176,3162,1033,segment|T=0.35|sigma=1.5|thr=0.118|dist=0|prom=0
374,segment,0.38780461844336944,1.5,0.121,0,0.0,0.7464645861924936,0.6549738219895288,0.867665418227216,6255,3295,954,segment|T=0.38780462|sigma=1.5|thr=0.121|dist=0|prom=0
375,peak,0.5,2.0,0.121,24,0.001,0.7464536741214057,0.6919796232673854,0.8102372034956304,5841,2600,1368,peak|T=0.5|sigma=2|thr=0.121|dist=24|prom=0.001
376,peak,0.38780461844336944,2.0,0.134,0,0.001,0.746451860375911,0.6922803272856635,0.8098210570120683,5838,2595,1371,peak|T=0.38780462|sigma=2|thr=0.134|dist=0|prom=0.001
377,peak,0.38780461844336944,2.0,0.139,0,0.001,0.7463436634237485,0.6968238691049086,0.8034401442641143,5792,2520,1417,peak|T=0.38780462|sigma=2|thr=0.139|dist=0|prom=0.001
378,peak,0.5,1.5,0.139,16,0.001,0.7463276138748302,0.6723006783053486,0.8386738798723817,6046,2947,1163,peak|T=0.5|sigma=1.5|thr=0.139|dist=16|prom=0.001
379,peak,0.35,2.0,0.1,0,0.0,0.7461784786417739,0.6609933633055021,0.8565681786655569,6175,3167,1034,peak|T=0.35|sigma=2|thr=0.1|dist=0|prom=0
380,peak,0.35,1.5,0.15,24,0.001,0.7460423041106824,0.7166773162939297,0.7779164932722985,5608,2217,1601,peak|T=0.35|sigma=1.5|thr=0.15|dist=24|prom=0.001
381,peak,0.35,2.0,0.1,24,0.001,0.7459727385377942,0.7039635647464303,0.7933139131641004,5719,2405,1490,peak|T=0.35|sigma=2|thr=0.1|dist=24|prom=0.001
382,peak,0.5,1.5,0.138,24,0.001,0.7458990635409466,0.6819122040910136,0.8231377444860591,5934,2768,1275,peak|T=0.5|sigma=1.5|thr=0.138|dist=24|prom=0.001
383,peak,0.38780461844336944,2.5,0.15,16,0.0,0.7458227131124326,0.7616775126536515,0.7306145096407268,5267,1648,1942,peak|T=0.38780462|sigma=2.5|thr=0.15|dist=16|prom=0
384,segment,0.35,2.5,0.136,0,0.0,0.7457558060573136,0.7304775841426101,0.7616867804133721,5491,2026,1718,segment|T=0.35|sigma=2.5|thr=0.136|dist=0|prom=0
385,peak,0.38780461844336944,2.0,0.1,16,0.001,0.7457477078722731,0.6852196142226353,0.8180052711887917,5897,2709,1312,peak|T=0.38780462|sigma=2|thr=0.1|dist=16|prom=0.001
386,peak,0.5,2.0,0.118,16,0.001,0.7457033935379039,0.6785714285714286,0.8275766403107228,5966,2826,1243,peak|T=0.5|sigma=2|thr=0.118|dist=16|prom=0.001
387,peak,0.5,1.5,0.137,24,0.001,0.7456839726285391,0.6810779816513761,0.8238313219586628,5939,2781,1270,peak|T=0.5|sigma=1.5|thr=0.137|dist=24|prom=0.001
388,segment,0.35,2.5,0.135,0,0.0,0.7456800162634681,0.7289348171701113,0.7632126508531003,5502,2046,1707,segment|T=0.35|sigma=2.5|thr=0.135|dist=0|prom=0
389,segment,0.35,2.5,0.134,0,0.0,0.7456733369388859,0.7272847158116841,0.7650159522818699,5515,2068,1694,segment|T=0.35|sigma=2.5|thr=0.134|dist=0|prom=0
390,peak,0.35,2.5,0.1,16,0.001,0.7456482890992124,0.7130379746835444,0.781384380635317,5633,2267,1576,peak|T=0.35|sigma=2.5|thr=0.1|dist=16|prom=0.001
391,peak,0.38780461844336944,2.5,0.121,16,0.001,0.7456110621568494,0.7290562036055143,0.7629352198640588,5500,2044,1709,peak|T=0.38780462|sigma=2.5|thr=0.121|dist=16|prom=0.001
392,peak,0.35,2.0,0.139,24,0.0,0.7456062970753884,0.7298087141339001,0.7621029268969344,5494,2034,1715,peak|T=0.35|sigma=2|thr=0.139|dist=24|prom=0
393,peak,0.38780461844336944,2.0,0.1,24,0.001,0.7456055630674135,0.695746214852199,0.8031627132750728,5790,2532,1419,peak|T=0.38780462|sigma=2|thr=0.1|dist=24|prom=0.001
394,segment,0.38780461844336944,1.5,0.118,0,0.0,0.7455290832392609,0.6520473913947205,0.87030101262311,6274,3348,935,segment|T=0.38780462|sigma=1.5|thr=0.118|dist=0|prom=0
395,peak,0.5,1.5,0.138,16,0.001,0.7454388560157791,0.6707709373266778,0.8388125953669024,6047,2968,1162,peak|T=0.5|sigma=1.5|thr=0.138|dist=16|prom=0.001
396,peak,0.5,1.5,0.136,24,0.001,0.7453120100344935,0.6801739926739927,0.824247468442225,5942,2794,1267,peak|T=0.5|sigma=1.5|thr=0.136|dist=24|prom=0.001
397,peak,0.35,2.0,0.121,24,0.001,0.7452395269593105,0.7188708430007734,0.7736163129421556,5577,2181,1632,peak|T=0.35|sigma=2|thr=0.121|dist=24|prom=0.001
398,peak,0.38780461844336944,2.0,0.121,0,0.001,0.7451962195656255,0.6789461678832117,0.8257733388819531,5953,2815,1256,peak|T=0.38780462|sigma=2|thr=0.121|dist=0|prom=0.001
399,peak,0.5,1.5,0.137,16,0.001,0.7451825401711506,0.6699136595085233,0.8395061728395061,6052,2982,1157,peak|T=0.5|sigma=1.5|thr=0.137|dist=16|prom=0.001
400,peak,0.38780461844336944,2.5,0.118,0,0.001,0.7451031944261864,0.708057464084947,0.7862394229435428,5668,2337,1541,peak|T=0.38780462|sigma=2.5|thr=0.118|dist=0|prom=0.001
401,peak,0.35,2.0,0.134,0,0.0,0.7450955332609113,0.6907582938388626,0.8087113330559024,5830,2610,1379,peak|T=0.35|sigma=2|thr=0.134|dist=0|prom=0
402,peak,0.5,1.5,0.135,24,0.001,0.7450194211251723,0.679309950873986,0.8248023304203079,5946,2807,1263,peak|T=0.5|sigma=1.5|thr=0.135|dist=24|prom=0.001
403,peak,0.38780461844336944,1.5,0.15,0,0.0,0.7450118982244187,0.6650326797385621,0.8468580940491053,6105,3075,1104,peak|T=0.38780462|sigma=1.5|thr=0.15|dist=0|prom=0
404,segment,0.35,2.5,0.138,0,0.0,0.744830410154917,0.7330736163353035,0.7569704535996671,5457,1987,1752,segment|T=0.35|sigma=2.5|thr=0.138|dist=0|prom=0
405,peak,0.38780461844336944,2.0,0.118,0,0.001,0.7448241456722375,0.6765605528492127,0.8284089332778471,5972,2855,1237,peak|T=0.38780462|sigma=2|thr=0.118|dist=0|prom=0.001
406,peak,0.5,1.5,0.136,16,0.001,0.7447724477244771,0.6689868522815159,0.8399223193230684,6055,2996,1154,peak|T=0.5|sigma=1.5|thr=0.136|dist=16|prom=0.001
407,peak,0.5,1.5,0.134,24,0.001,0.7447714464621165,0.6788037895217441,0.8249410459148286,5947,2814,1262,peak|T=0.5|sigma=1.5|thr=0.134|dist=24|prom=0.001
408,segment,0.35,2.5,0.137,0,0.0,0.744708364527326,0.7310261892036344,0.7589124705229574,5471,2013,1738,segment|T=0.35|sigma=2.5|thr=0.137|dist=0|prom=0
409,peak,0.5,2.0,0.118,24,0.001,0.7447011647890014,0.6880733944954128,0.8114856429463171,5850,2652,1359,peak|T=0.5|sigma=2|thr=0.118|dist=24|prom=0.001
410,peak,0.35,2.0,0.135,0,0.0,0.744686299615877,0.6914754488170253,0.806769316132612,5816,2595,1393,peak|T=0.35|sigma=2|thr=0.135|dist=0|prom=0
411,segment,0.35,2.5,0.139,0,0.0,0.744663382594417,0.734710409072499,0.754889721181856,5442,1965,1767,segment|T=0.35|sigma=2.5|thr=0.139|dist=0|prom=0
412,peak,0.38780461844336944,2.5,0.1,24,0.001,0.7446525840308224,0.7144678138942001,0.7775003467887363,5605,2240,1604,peak|T=0.38780462|sigma=2.5|thr=0.1|dist=24|prom=0.001
413,peak,0.35,2.0,0.137,0,0.0,0.7444701646090534,0.6938751048783411,0.8030239977805521,5789,2554,1420,peak|T=0.35|sigma=2|thr=0.137|dist=0|prom=0
414,peak,0.5,1.5,0.135,16,0.001,0.744440348937216,0.6681001212923144,0.8404771813011513,6059,3010,1150,peak|T=0.5|sigma=1.5|thr=0.135|dist=16|prom=0.001
415,peak,0.38780461844336944,1.5,0.1,24,0.0,0.7444217813214662,0.6713489409141583,0.835344708003884,6022,2948,1187,peak|T=0.38780462|sigma=1.5|thr=0.1|dist=24|prom=0
416,peak,0.35,2.0,0.138,0,0.0,0.744168062894703,0.6949091346732459,0.800943265362741,5774,2535,1435,peak|T=0.35|sigma=2|thr=0.138|dist=0|prom=0
417,peak,0.35,2.0,0.136,0,0.0,0.7441442597702626,0.6923811798423692,0.8042724372312388,5798,2576,1411,peak|T=0.35|sigma=2|thr=0.136|dist=0|prom=0
418,peak,0.35,1.5,0.1,24,0.001,0.7441390205371248,0.6833797585886723,0.8167568317381051,5888,2728,1321,peak|T=0.35|sigma=1.5|thr=0.1|dist=24|prom=0.001
419,peak,0.38780461844336944,2.0,0.15,0,0.001,0.7441035411602391,0.7068147778332501,0.7855458454709391,5663,2349,1546,peak|T=0.38780462|sigma=2|thr=0.15|dist=0|prom=0.001
420,peak,0.5,1.5,0.134,16,0.001,0.7440147329650093,0.6673273868516684,0.8406158967956721,6060,3021,1149,peak|T=0.5|sigma=1.5|thr=0.134|dist=16|prom=0.001
421,peak,0.38780461844336944,2.5,0.118,24,0.001,0.743934941570423,0.7331627155172413,0.7550284366763768,5443,1981,1766,peak|T=0.38780462|sigma=2.5|thr=0.118|dist=24|prom=0.001
422,peak,0.38780461844336944,2.5,0.121,0,0.001,0.7438879344522267,0.7102839116719243,0.780829518657234,5629,2296,1580,peak|T=0.38780462|sigma=2.5|thr=0.121|dist=0|prom=0.001
423,peak,0.38780461844336944,2.0,0.1,0,0.0,0.7438222222222222,0.6492861576660459,0.8705784436121515,6276,3390,933,peak|T=0.38780462|sigma=2|thr=0.1|dist=0|prom=0
424,segment,0.5,1.5,0.139,0,0.0,0.7437174154999708,0.6436828229568039,0.8805659592176446,6348,3514,861,segment|T=0.5|sigma=1.5|thr=0.139|dist=0|prom=0
425,peak,0.38780461844336944,2.0,0.15,24,0.001,0.7436813186813187,0.736498435586995,0.7510056873352754,5414,1937,1795,peak|T=0.38780462|sigma=2|thr=0.15|dist=24|prom=0.001
426,peak,0.38780461844336944,2.5,0.1,0,0.001,0.7436745073108708,0.6864217814810468,0.8113469274517964,5849,2672,1360,peak|T=0.38780462|sigma=2.5|thr=0.1|dist=0|prom=0.001
427,peak,0.35,2.0,0.118,0,0.001,0.7436594775789009,0.6834457102999303,0.8155083922874186,5879,2723,1330,peak|T=0.35|sigma=2|thr=0.118|dist=0|prom=0.001
428,peak,0.35,2.5,0.1,24,0.001,0.7436517533252721,0.7209847596717468,0.7677902621722846,5535,2142,1674,peak|T=0.35|sigma=2.5|thr=0.1|dist=24|prom=0.001
429,segment,0.35,2.0,0.15,0,0.0,0.7434673033558826,0.7122887279196849,0.7775003467887363,5605,2264,1604,segment|T=0.35|sigma=2|thr=0.15|dist=0|prom=0
430,peak,0.35,2.0,0.139,0,0.0,0.7434291249596384,0.6955050749154181,0.7984463864613678,5756,2520,1453,peak|T=0.35|sigma=2|thr=0.139|dist=0|prom=0
431,peak,0.35,2.0,0.134,16,0.001,0.7431752632638003,0.7194805194805195,0.7684838396448883,5540,2160,1669,peak|T=0.35|sigma=2|thr=0.134|dist=16|prom=0.001
432,peak,0.38780461844336944,2.5,0.135,16,0.001,0.7431671187147925,0.7451882845188285,0.741156887224303,5343,1827,1866,peak|T=0.38780462|sigma=2.5|thr=0.135|dist=16|prom=0.001
433,peak,0.38780461844336944,1.5,0.1,16,0.0,0.7431336963097398,0.6589421735865251,0.8519905673463726,6142,3179,1067,peak|T=0.38780462|sigma=1.5|thr=0.1|dist=16|prom=0
434,peak,0.35,2.5,0.134,16,0.0,0.7430977360574268,0.7395246599807666,0.7467055070051325,5383,1896,1826,peak|T=0.35|sigma=2.5|thr=0.134|dist=16|prom=0
435,peak,0.35,2.5,0.135,16,0.0,0.7430469074304692,0.7412008281573499,0.7449022055763629,5370,1875,1839,peak|T=0.35|sigma=2.5|thr=0.135|dist=16|prom=0
436,peak,0.35,2.5,0.136,16,0.0,0.7429997227612973,0.7424851087408229,0.7435150506311555,5360,1859,1849,peak|T=0.35|sigma=2.5|thr=0.136|dist=16|prom=0
437,peak,0.35,2.0,0.135,16,0.001,0.7429454447729106,0.7203908794788274,0.7669579692051602,5529,2146,1680,peak|T=0.35|sigma=2|thr=0.135|dist=16|prom=0.001
438,peak,0.35,2.0,0.137,16,0.001,0.7428378833838893,0.7225281930238657,0.7643223748092662,5510,2116,1699,peak|T=0.35|sigma=2|thr=0.137|dist=16|prom=0.001
439,peak,0.38780461844336944,2.5,0.136,16,0.001,0.7428252995263306,0.7460472925703092,0.7396310167845749,5332,1815,1877,peak|T=0.38780462|sigma=2.5|thr=0.136|dist=16|prom=0.001
440,peak,0.38780461844336944,2.5,0.134,16,0.001,0.7427144046627809,0.7430237401082882,0.7424053266749896,5352,1851,1857,peak|T=0.38780462|sigma=2.5|thr=0.134|dist=16|prom=0.001
441,peak,0.35,1.5,0.1,16,0.001,0.7426484244412802,0.6706171735241503,0.8320155361353864,5998,2946,1211,peak|T=0.35|sigma=1.5|thr=0.1|dist=16|prom=0.001
442,segment,0.5,1.5,0.138,0,0.0,0.7426466288521139,0.6419328750505459,0.8808433902066861,6350,3542,859,segment|T=0.5|sigma=1.5|thr=0.138|dist=0|prom=0
443,peak,0.35,2.0,0.136,16,0.001,0.7426455738808481,0.7214229662568663,0.7651546677763906,5516,2130,1693,peak|T=0.35|sigma=2|thr=0.136|dist=16|prom=0.001
444,peak,0.38780461844336944,2.5,0.135,0,0.001,0.7426280744666395,0.7277933146890398,0.758080177555833,5465,2044,1744,peak|T=0.38780462|sigma=2.5|thr=0.135|dist=0|prom=0.001
445,peak,0.35,2.0,0.138,16,0.001,0.7425869638635596,0.7236703528172722,0.7625190733804966,5497,2099,1712,peak|T=0.35|sigma=2|thr=0.138|dist=16|prom=0.001
446,peak,0.5,2.5,0.1,16,0.001,0.7425491439441978,0.6839154304403691,0.8121792204189208,5855,2706,1354,peak|T=0.5|sigma=2.5|thr=0.1|dist=16|prom=0.001
447,peak,0.38780461844336944,2.5,0.136,0,0.001,0.7424954053502145,0.7289494787489976,0.7565543071161048,5454,2028,1755,peak|T=0.38780462|sigma=2.5|thr=0.136|dist=0|prom=0.001
448,peak,0.35,2.0,0.15,16,0.0,0.7424758273185346,0.7291694529891668,0.7562768761270634,5452,2025,1757,peak|T=0.35|sigma=2|thr=0.15|dist=16|prom=0
449,peak,0.38780461844336944,2.5,0.137,16,0.001,0.7423428451824462,0.746771476698484,0.737966430850326,5320,1804,1889,peak|T=0.38780462|sigma=2.5|thr=0.137|dist=16|prom=0.001
450,peak,0.35,2.0,0.121,0,0.001,0.7421711236740139,0.6845558940707758,0.8103759189901512,5842,2692,1367,peak|T=0.35|sigma=2|thr=0.121|dist=0|prom=0.001
451,peak,0.35,2.5,0.137,16,0.0,0.7421147700430735,0.7433542101600557,0.7408794562352615,5341,1844,1868,peak|T=0.35|sigma=2.5|thr=0.137|dist=16|prom=0
452,peak,0.38780461844336944,2.5,0.138,16,0.001,0.7420820806823744,0.748096983366225,0.7361631294215564,5307,1787,1902,peak|T=0.38780462|sigma=2.5|thr=0.138|dist=16|prom=0.001
453,peak,0.35,2.5,0.138,16,0.0,0.7420612813370474,0.7450706194937771,0.7390761548064919,5328,1823,1881,peak|T=0.35|sigma=2.5|thr=0.138|dist=16|prom=0
454,peak,0.38780461844336944,2.5,0.134,0,0.001,0.7420556948302729,0.7252980132450331,0.7596060479955611,5476,2074,1733,peak|T=0.38780462|sigma=2.5|thr=0.134|dist=0|prom=0.001
455,peak,0.38780461844336944,2.5,0.121,24,0.001,0.7420528664606935,0.7346383904295813,0.7496185323900679,5404,1952,1805,peak|T=0.38780462|sigma=2.5|thr=0.121|dist=24|prom=0.001
456,peak,0.38780461844336944,2.5,0.137,0,0.001,0.742034522753633,0.7301288936627283,0.7543348592037731,5438,2010,1771,peak|T=0.38780462|sigma=2.5|thr=0.137|dist=0|prom=0.001
457,peak,0.35,2.5,0.1,0,0.001,0.7420185375901134,0.6922060766182299,0.7995561104175336,5764,2563,1445,peak|T=0.35|sigma=2.5|thr=0.1|dist=0|prom=0.001
458,peak,0.35,2.0,0.139,16,0.001,0.7419333017655416,0.7240559809875892,0.760715771951727,5484,2090,1725,peak|T=0.35|sigma=2|thr=0.139|dist=16|prom=0.001
459,segment,0.5,1.5,0.137,0,0.0,0.7418865281344852,0.6404313211730324,0.8815369676792898,6355,3568,854,segment|T=0.5|sigma=1.5|thr=0.137|dist=0|prom=0
460,peak,0.38780461844336944,2.5,0.139,16,0.001,0.7418314401907167,0.7500354459095421,0.7338049660147038,5290,1763,1919,peak|T=0.38780462|sigma=2.5|thr=0.139|dist=16|prom=0.001
461,peak,0.38780461844336944,2.5,0.138,0,0.001,0.7417236662106703,0.7316151666441776,0.7521154112914412,5422,1989,1787,peak|T=0.38780462|sigma=2.5|thr=0.138|dist=0|prom=0.001
462,peak,0.38780461844336944,2.5,0.139,0,0.001,0.7416809605488852,0.733776812381211,0.7497572478845888,5405,1961,1804,peak|T=0.38780462|sigma=2.5|thr=0.139|dist=0|prom=0.001
463,peak,0.35,2.5,0.139,16,0.0,0.7415887198101354,0.746381902487003,0.73685670689416,5312,1805,1897,peak|T=0.35|sigma=2.5|thr=0.139|dist=16|prom=0
464,peak,0.35,2.5,0.136,0,0.0,0.7415806168590132,0.7221345951629863,0.7621029268969344,5494,2114,1715,peak|T=0.35|sigma=2.5|thr=0.136|dist=0|prom=0
465,peak,0.35,1.5,0.15,0,0.0,0.741546494281452,0.6718098885009574,0.8274379248162019,5965,2914,1244,peak|T=0.35|sigma=1.5|thr=0.15|dist=0|prom=0
466,peak,0.35,2.5,0.135,0,0.0,0.741464071654657,0.7205497382198953,0.7636287973366626,5505,2135,1704,peak|T=0.35|sigma=2.5|thr=0.135|dist=0|prom=0
467,peak,0.35,2.5,0.134,0,0.0,0.7414522737959293,0.7188069809846314,0.7655708142599529,5519,2159,1690,peak|T=0.35|sigma=2.5|thr=0.134|dist=0|prom=0
468,peak,0.38780461844336944,1.5,0.136,0,0.0,0.741441225760115,0.6520686388040846,0.859203773061451,6194,3305,1015,peak|T=0.38780462|sigma=1.5|thr=0.136|dist=0|prom=0
469,peak,0.38780461844336944,1.5,0.15,0,0.001,0.7414122725871107,0.6674439262713746,0.8338188375641559,6011,2995,1198,peak|T=0.38780462|sigma=1.5|thr=0.15|dist=0|prom=0.001
470,peak,0.5,2.0,0.121,0,0.0,0.7413984461709212,0.6403632694248234,0.8802885282286032,6346,3564,863,peak|T=0.5|sigma=2|thr=0.121|dist=0|prom=0
471,peak,0.38780461844336944,1.5,0.139,0,0.0,0.7413907085762366,0.6540827147401909,0.8555971702039118,6168,3262,1041,peak|T=0.38780462|sigma=1.5|thr=0.139|dist=0|prom=0
472,peak,0.38780461844336944,1.5,0.137,0,0.0,0.7413844770752173,0.652701561840439,0.8579553336107644,6185,3291,1024,peak|T=0.38780462|sigma=1.5|thr=0.137|dist=0|prom=0
473,peak,0.35,2.5,0.118,16,0.001,0.7413475322547615,0.7298387096774194,0.7532251352476071,5430,2010,1779,peak|T=0.35|sigma=2.5|thr=0.118|dist=16|prom=0.001
474,segment,0.5,1.5,0.136,0,0.0,0.74134110787172,0.6394728900513027,0.8818143986683312,6357,3584,852,segment|T=0.5|sigma=1.5|thr=0.136|dist=0|prom=0
475,peak,0.38780461844336944,1.5,0.138,0,0.0,0.7411941194119414,0.6531302876480541,0.8567068941600777,6176,3280,1033,peak|T=0.38780462|sigma=1.5|thr=0.138|dist=0|prom=0
476,peak,0.35,2.0,0.134,24,0.001,0.7411844792375767,0.7277101991712338,0.7551671521708975,5444,2037,1765,peak|T=0.35|sigma=2|thr=0.134|dist=24|prom=0.001
477,peak,0.35,1.5,0.137,0,0.0,0.7411650012186205,0.660871454960339,0.8436676376751283,6082,3121,1127,peak|T=0.35|sigma=1.5|thr=0.137|dist=0|prom=0
478,peak,0.38780461844336944,1.5,0.134,0,0.0,0.7410634361759264,0.6502932551319648,0.861284505479262,6209,3339,1000,peak|T=0.38780462|sigma=1.5|thr=0.134|dist=0|prom=0
479,segment,0.5,1.5,0.135,0,0.0,0.7409694709857841,0.6387744851833249,0.8820918296573728,6359,3596,850,segment|T=0.5|sigma=1.5|thr=0.135|dist=0|prom=0
480,peak,0.38780461844336944,2.5,0.15,24,0.0,0.7409263368888253,0.7655325443786982,0.717852684144819,5175,1585,2034,peak|T=0.38780462|sigma=2.5|thr=0.15|dist=24|prom=0
481,peak,0.38780461844336944,1.5,0.135,0,0.0,0.7409177820267686,0.6507819880340086,0.8600360660285754,6200,3327,1009,peak|T=0.38780462|sigma=1.5|thr=0.135|dist=0|prom=0
482,peak,0.35,2.0,0.135,24,0.001,0.7408973135142506,0.7285771758079657,0.7536412817311694,5433,2024,1776,peak|T=0.35|sigma=2|thr=0.135|dist=24|prom=0.001
483,peak,0.35,2.5,0.138,0,0.0,0.7408915123142683,0.7250996015936255,0.7573866000832293,5460,2070,1749,peak|T=0.35|sigma=2.5|thr=0.138|dist=0|prom=0
484,peak,0.35,1.5,0.138,0,0.0,0.740862773811703,0.6613289760348584,0.8421417672354002,6071,3109,1138,peak|T=0.35|sigma=1.5|thr=0.138|dist=0|prom=0
485,peak,0.35,2.5,0.137,0,0.0,0.7407808376750795,0.7231175693527081,0.7593286170065197,5474,2096,1735,peak|T=0.35|sigma=2.5|thr=0.137|dist=0|prom=0
486,peak,0.35,2.5,0.121,16,0.001,0.7407762995473873,0.7325376373253764,0.7492023859065058,5401,1972,1808,peak|T=0.35|sigma=2.5|thr=0.121|dist=16|prom=0.001
487,peak,0.35,1.5,0.136,0,0.0,0.7406776567917757,0.6595882990249188,0.8444999306422527,6088,3142,1121,peak|T=0.35|sigma=1.5|thr=0.136|dist=0|prom=0
488,peak,0.35,2.0,0.1,0,0.001,0.7406539173349783,0.6669258971225419,0.83270911360799,6003,2998,1206,peak|T=0.35|sigma=2|thr=0.1|dist=0|prom=0.001
489,peak,0.38780461844336944,1.5,0.1,24,0.001,0.7406482233185537,0.6735574738755111,0.8225828825079762,5930,2874,1279,peak|T=0.38780462|sigma=1.5|thr=0.1|dist=24|prom=0.001
490,peak,0.35,2.5,0.139,0,0.0,0.7406298891231888,0.7266417512012814,0.7551671521708975,5444,2048,1765,peak|T=0.35|sigma=2.5|thr=0.139|dist=0|prom=0
491,peak,0.35,1.5,0.135,0,0.0,0.7406101859730156,0.6590589507842077,0.8451935081148564,6093,3152,1116,peak|T=0.35|sigma=1.5|thr=0.135|dist=0|prom=0
492,peak,0.35,2.0,0.137,24,0.001,0.740578619793448,0.7304371289800324,0.7510056873352754,5414,1998,1795,peak|T=0.35|sigma=2|thr=0.137|dist=24|prom=0.001
493,peak,0.35,2.0,0.136,24,0.001,0.7404877382334859,0.7294751009421265,0.7518379803023998,5420,2010,1789,peak|T=0.35|sigma=2|thr=0.136|dist=24|prom=0.001
494,peak,0.5,2.5,0.1,24,0.001,0.7404589994842703,0.6916777068529447,0.7966430850325982,5743,2560,1466,peak|T=0.5|sigma=2.5|thr=0.1|dist=24|prom=0.001
495,peak,0.35,1.5,0.139,0,0.0,0.740451017539571,0.6617871968538344,0.8403384658066306,6058,3096,1151,peak|T=0.35|sigma=1.5|thr=0.139|dist=0|prom=0
496,peak,0.35,1.5,0.134,0,0.0,0.7404260484311463,0.6581786793267156,0.8461645165765016,6100,3168,1109,peak|T=0.35|sigma=1.5|thr=0.134|dist=0|prom=0
497,segment,0.35,1.5,0.1,0,0.0,0.7403432210886358,0.6439269593762823,0.8707171591066722,6277,3471,932,segment|T=0.35|sigma=1.5|thr=0.1|dist=0|prom=0
498,peak,0.5,2.5,0.1,0,0.0,0.7403256872701803,0.6390568319226119,0.8797336662505202,6342,3582,867,peak|T=0.5|sigma=2.5|thr=0.1|dist=0|prom=0
499,peak,0.35,2.0,0.138,24,0.001,0.7403193749571654,0.7316445407748577,0.7492023859065058,5401,1981,1808,peak|T=0.35|sigma=2|thr=0.138|dist=24|prom=0.001
500,segment,0.5,1.5,0.134,0,0.0,0.7402665425129489,0.6376579105674754,0.8822305451518935,6360,3614,849,segment|T=0.5|sigma=1.5|thr=0.134|dist=0|prom=0
501,peak,0.5,1.5,0.121,24,0.0,0.7399062176481335,0.6594659140251845,0.8426966292134831,6075,3137,1134,peak|T=0.5|sigma=1.5|thr=0.121|dist=24|prom=0
502,peak,0.5,2.0,0.121,0,0.001,0.7398711697068208,0.6535843437566475,0.8524067138299348,6145,3257,1064,peak|T=0.5|sigma=2|thr=0.121|dist=0|prom=0.001
503,peak,0.5,1.5,0.15,0,0.0,0.7397739191236452,0.6377976489500653,0.8805659592176446,6348,3605,861,peak|T=0.5|sigma=1.5|thr=0.15|dist=0|prom=0
504,peak,0.35,2.0,0.15,0,0.0,0.7396519905088321,0.7046339319352003,0.7783326397558608,5611,2352,1598,peak|T=0.35|sigma=2|thr=0.15|dist=0|prom=0
505,peak,0.38780461844336944,1.5,0.1,16,0.001,0.7394176657695131,0.6613415034467666,0.8383964488833403,6044,3095,1165,peak|T=0.38780462|sigma=1.5|thr=0.1|dist=16|prom=0.001
506,peak,0.35,2.0,0.139,24,0.001,0.7393989296006587,0.7315682281059063,0.7473990844777362,5388,1977,1821,peak|T=0.35|sigma=2|thr=0.139|dist=24|prom=0.001
507,peak,0.35,2.0,0.15,24,0.0,0.7393855712806352,0.735981308411215,0.7428214731585518,5355,1921,1854,peak|T=0.35|sigma=2|thr=0.15|dist=24|prom=0
508,peak,0.35,2.5,0.134,24,0.0,0.7393371556425675,0.7453827717467926,0.7333888195311417,5287,1806,1922,peak|T=0.35|sigma=2.5|thr=0.134|dist=24|prom=0
509,peak,0.35,2.5,0.135,24,0.0,0.7392248931249561,0.7470254957507082,0.731585518102372,5274,1786,1935,peak|T=0.35|sigma=2.5|thr=0.135|dist=24|prom=0
510,peak,0.35,2.0,0.134,0,0.001,0.7391586600882888,0.6946918852959122,0.7897073103065613,5693,2502,1516,peak|T=0.35|sigma=2|thr=0.134|dist=0|prom=0.001
511,peak,0.35,2.5,0.136,24,0.0,0.7391182252176354,0.7482587064676617,0.7301983631571647,5264,1771,1945,peak|T=0.35|sigma=2.5|thr=0.136|dist=24|prom=0
512,peak,0.35,2.0,0.137,0,0.001,0.7389998694346521,0.6979898877790109,0.785129698987377,5660,2449,1549,peak|T=0.35|sigma=2|thr=0.137|dist=0|prom=0.001
513,peak,0.38780461844336944,2.5,0.135,24,0.001,0.7389682595538039,0.75,0.7282563462338744,5250,1750,1959,peak|T=0.38780462|sigma=2.5|thr=0.135|dist=24|prom=0.001
514,peak,0.35,2.0,0.135,0,0.001,0.7389297093439104,0.6954712362301102,0.7881814398668331,5682,2488,1527,peak|T=0.35|sigma=2|thr=0.135|dist=0|prom=0.001
515,peak,0.35,1.5,0.15,0,0.001,0.7388606880992667,0.6738683127572016,0.8177278401997503,5895,2853,1314,peak|T=0.35|sigma=1.5|thr=0.15|dist=0|prom=0.001
516,peak,0.5,1.5,0.15,0,0.001,0.7388059701492538,0.6446511627906977,0.8651685393258427,6237,3438,972,peak|T=0.5|sigma=1.5|thr=0.15|dist=0|prom=0.001
517,peak,0.5,2.0,0.118,0,0.0,0.7387492015562395,0.6353375948861366,0.8823692606464142,6361,3651,848,peak|T=0.5|sigma=2|thr=0.118|dist=0|prom=0
518,peak,0.35,2.5,0.118,0,0.001,0.7387051700046576,0.709846547314578,0.7700097100846165,5551,2269,1658,peak|T=0.35|sigma=2.5|thr=0.118|dist=0|prom=0.001
519,peak,0.5,2.5,0.1,0,0.001,0.7386977886977887,0.6628817109469739,0.8340962685531974,6013,3058,1196,peak|T=0.5|sigma=2.5|thr=0.1|dist=0|prom=0.001
520,peak,0.35,2.0,0.138,0,0.001,0.7386668411068228,0.6989353800445655,0.7831876820640865,5646,2432,1563,peak|T=0.35|sigma=2|thr=0.138|dist=0|prom=0.001
521,peak,0.35,2.0,0.136,0,0.001,0.7385637951257656,0.6964483224775716,0.786100707449022,5667,2470,1542,peak|T=0.35|sigma=2|thr=0.136|dist=0|prom=0.001
522,peak,0.38780461844336944,2.5,0.134,24,0.001,0.7385350094810029,0.7479374110953059,0.7293660701900402,5258,1772,1951,peak|T=0.38780462|sigma=2.5|thr=0.134|dist=24|prom=0.001
523,peak,0.38780461844336944,2.5,0.136,24,0.001,0.7385114180998026,0.7506806132683765,0.7267304757941462,5239,1740,1970,peak|T=0.38780462|sigma=2.5|thr=0.136|dist=24|prom=0.001
524,peak,0.35,2.5,0.121,0,0.001,0.7384965222043874,0.7130311248869947,0.7658482452489943,5521,2222,1688,peak|T=0.35|sigma=2.5|thr=0.121|dist=0|prom=0.001
525,peak,0.5,1.5,0.121,16,0.0,0.7383533897295366,0.6470711078625875,0.8596199195450132,6197,3380,1012,peak|T=0.5|sigma=1.5|thr=0.121|dist=16|prom=0
526,peak,0.38780461844336944,2.0,0.1,0,0.001,0.7382990347841923,0.6564119170984456,0.8435289221806076,6081,3183,1128,peak|T=0.38780462|sigma=2|thr=0.1|dist=0|prom=0.001
527,peak,0.35,2.5,0.118,24,0.001,0.7382912487028709,0.7364062931272426,0.7401858787626577,5336,1910,1873,peak|T=0.35|sigma=2.5|thr=0.118|dist=24|prom=0.001
528,peak,0.35,1.5,0.137,0,0.001,0.7382723639717185,0.6629858657243817,0.8328478291025108,6004,3052,1205,peak|T=0.35|sigma=1.5|thr=0.137|dist=0|prom=0.001
529,peak,0.5,1.5,0.118,24,0.0,0.7382281553398059,0.6561320245928163,0.843806353169649,6083,3188,1126,peak|T=0.5|sigma=1.5|thr=0.118|dist=24|prom=0
530,peak,0.35,2.5,0.137,24,0.0,0.7382125263898663,0.7491786887587487,0.7275627687612707,5245,1756,1964,peak|T=0.35|sigma=2.5|thr=0.137|dist=24|prom=0
531,peak,0.38780461844336944,1.5,0.137,0,0.001,0.7381948233012062,0.6555770887166236,0.8446386461367735,6089,3199,1120,peak|T=0.38780462|sigma=1.5|thr=0.137|dist=0|prom=0.001
532,peak,0.38780461844336944,1.5,0.136,0,0.001,0.7381802772564925,0.6548872180451127,0.8457483700929393,6097,3213,1112,peak|T=0.38780462|sigma=1.5|thr=0.136|dist=0|prom=0.001
533,peak,0.5,2.0,0.1,24,0.0,0.7381067961165049,0.6560241613633913,0.8436676376751283,6082,3189,1127,peak|T=0.5|sigma=2|thr=0.1|dist=24|prom=0
534,peak,0.38780461844336944,1.5,0.139,0,0.001,0.7380894506562956,0.6567535416891965,0.8424191982244417,6073,3174,1136,peak|T=0.38780462|sigma=1.5|thr=0.139|dist=0|prom=0.001
535,peak,0.35,2.5,0.138,24,0.0,0.7380448582310624,0.7507533362031855,0.7257594673325011,5232,1737,1977,peak|T=0.35|sigma=2.5|thr=0.138|dist=24|prom=0
536,peak,0.38780461844336944,2.5,0.15,0,0.001,0.7380413246532692,0.7532861476238625,0.7234013039256485,5215,1708,1994,peak|T=0.38780462|sigma=2.5|thr=0.15|dist=0|prom=0.001
537,peak,0.35,1.5,0.138,0,0.001,0.7380410022779043,0.6634934691166704,0.8314606741573034,5994,3040,1215,peak|T=0.35|sigma=1.5|thr=0.138|dist=0|prom=0.001
538,peak,0.38780461844336944,1.5,0.138,0,0.001,0.7380302202803568,0.6559870550161813,0.8435289221806076,6081,3189,1128,peak|T=0.38780462|sigma=1.5|thr=0.138|dist=0|prom=0.001
539,peak,0.35,2.0,0.139,0,0.001,0.7380218915907453,0.6995526838966203,0.7809682341517548,5630,2418,1579,peak|T=0.35|sigma=2|thr=0.139|dist=0|prom=0.001
540,peak,0.38780461844336944,2.5,0.137,24,0.001,0.7379641394889171,0.7513295960902688,0.7250658898598974,5227,1730,1982,peak|T=0.38780462|sigma=2.5|thr=0.137|dist=24|prom=0.001
541,peak,0.38780461844336944,1.5,0.134,0,0.001,0.7378207063084817,0.6531637451902522,0.8476903870162297,6111,3245,1098,peak|T=0.38780462|sigma=1.5|thr=0.134|dist=0|prom=0.001
542,peak,0.35,1.5,0.121,0,0.0,0.7378154268329059,0.6472681599330123,0.8578166181162435,6184,3370,1025,peak|T=0.35|sigma=1.5|thr=0.121|dist=0|prom=0
543,peak,0.5,1.5,0.121,24,0.001,0.7377777777777778,0.6646646646646647,0.8289637952559301,5976,3015,1233,peak|T=0.5|sigma=1.5|thr=0.121|dist=24|prom=0.001
544,peak,0.35,1.5,0.136,0,0.001,0.7377663166942962,0.6618197840934127,0.8334026910805937,6008,3070,1201,peak|T=0.35|sigma=1.5|thr=0.136|dist=0|prom=0.001
545,peak,0.5,2.0,0.118,0,0.001,0.7377373180810924,0.6491357504215851,0.8543487307532251,6159,3329,1050,peak|T=0.5|sigma=2|thr=0.118|dist=0|prom=0.001
546,peak,0.38780461844336944,2.5,0.138,24,0.001,0.7377281086433723,0.7526338576995237,0.7234013039256485,5215,1714,1994,peak|T=0.38780462|sigma=2.5|thr=0.138|dist=24|prom=0.001
547,peak,0.38780461844336944,1.5,0.135,0,0.001,0.7377009549135743,0.6536360715433223,0.8465806630600639,6103,3234,1106,peak|T=0.38780462|sigma=1.5|thr=0.135|dist=0|prom=0.001
548,peak,0.35,1.5,0.135,0,0.001,0.7377008955956325,0.6612779060816012,0.8340962685531974,6013,3080,1196,peak|T=0.35|sigma=1.5|thr=0.135|dist=0|prom=0.001
549,peak,0.35,2.5,0.139,24,0.0,0.7376829009684032,0.7520899394638224,0.7238174504092107,5218,1720,1991,peak|T=0.35|sigma=2.5|thr=0.139|dist=24|prom=0
550,peak,0.35,1.5,0.134,0,0.001,0.7376546991790222,0.6605947547459673,0.8350672770148425,6020,3093,1189,peak|T=0.35|sigma=1.5|thr=0.134|dist=0|prom=0.001
551,peak,0.35,2.5,0.121,24,0.001,0.7375955524669909,0.7390335607854059,0.7361631294215564,5307,1874,1902,peak|T=0.35|sigma=2.5|thr=0.121|dist=24|prom=0.001
552,peak,0.35,1.5,0.139,0,0.001,0.7375755333579973,0.6638916638916639,0.8296573727285338,5981,3028,1228,peak|T=0.35|sigma=1.5|thr=0.139|dist=0|prom=0.001
553,segment,0.35,2.5,0.15,0,0.0,0.7374885296816546,0.7507904570278816,0.7246497433763351,5224,1734,1985,segment|T=0.35|sigma=2.5|thr=0.15|dist=0|prom=0
554,peak,0.38780461844336944,2.5,0.139,24,0.001,0.7373572593800979,0.7544267053701016,0.7210431405187959,5198,1692,2011,peak|T=0.38780462|sigma=2.5|thr=0.139|dist=24|prom=0.001
555,peak,0.35,1.5,0.118,0,0.0,0.7371048252911814,0.644765568146377,0.8603134970176168,6202,3417,1007,peak|T=0.35|sigma=1.5|thr=0.118|dist=0|prom=0
556,peak,0.5,2.0,0.1,16,0.0,0.7369046205012473,0.6443036660089314,0.8605909280066584,6204,3425,1005,peak|T=0.5|sigma=2|thr=0.1|dist=16|prom=0
557,peak,0.35,2.0,0.15,16,0.001,0.7365306543728067,0.7307482250136538,0.7424053266749896,5352,1972,1857,peak|T=0.35|sigma=2|thr=0.15|dist=16|prom=0.001
558,peak,0.5,1.5,0.118,16,0.0,0.7365109515047189,0.6437020128657398,0.8605909280066584,6204,3434,1005,peak|T=0.5|sigma=1.5|thr=0.118|dist=16|prom=0
559,peak,0.5,1.5,0.121,16,0.001,0.7362185686653772,0.6523835029459025,0.8447773616312942,6090,3245,1119,peak|T=0.5|sigma=1.5|thr=0.121|dist=16|prom=0.001
560,peak,0.38780461844336944,2.5,0.15,16,0.001,0.7362122413668806,0.7664365055538878,0.708281315022888,5106,1556,2103,peak|T=0.38780462|sigma=2.5|thr=0.15|dist=16|prom=0.001
561,segment,0.5,2.0,0.1,0,0.0,0.7361864113507902,0.6300720702932175,0.8852822860313497,6382,3747,827,segment|T=0.5|sigma=2|thr=0.1|dist=0|prom=0
562,peak,0.5,1.5,0.118,24,0.001,0.7361751860736913,0.6613616268788682,0.830073519212096,5984,3064,1225,peak|T=0.5|sigma=1.5|thr=0.118|dist=24|prom=0.001
563,segment,0.38780461844336944,1.5,0.1,0,0.0,0.7356081708449398,0.632345605108251,0.8791788042724372,6338,3685,871,segment|T=0.38780462|sigma=1.5|thr=0.1|dist=0|prom=0
564,peak,0.35,2.5,0.135,16,0.001,0.7353396146814795,0.7456152858976187,0.7253433208489388,5229,1784,1980,peak|T=0.35|sigma=2.5|thr=0.135|dist=16|prom=0.001
565,peak,0.35,2.5,0.134,16,0.001,0.7353209400210452,0.7438262844166903,0.7270079067831877,5241,1805,1968,peak|T=0.35|sigma=2.5|thr=0.134|dist=16|prom=0.001
566,peak,0.35,2.5,0.136,16,0.001,0.7353148330750809,0.7468879668049793,0.7240948813982522,5220,1769,1989,peak|T=0.35|sigma=2.5|thr=0.136|dist=16|prom=0.001
567,peak,0.5,2.0,0.1,24,0.001,0.7350927424374456,0.6667043016822852,0.8191149951449577,5905,2952,1304,peak|T=0.5|sigma=2|thr=0.1|dist=24|prom=0.001
568,peak,0.38780461844336944,1.5,0.121,0,0.0,0.7350497366881216,0.6356644064365955,0.8712720210847552,6281,3600,928,peak|T=0.38780462|sigma=1.5|thr=0.121|dist=0|prom=0
569,peak,0.35,1.5,0.121,0,0.001,0.734944842968232,0.6498933901918976,0.8456096545984186,6096,3284,1113,peak|T=0.35|sigma=1.5|thr=0.121|dist=0|prom=0.001
570,peak,0.35,2.5,0.137,16,0.001,0.7345757447409291,0.7478798332614632,0.7217367179913996,5203,1754,2006,peak|T=0.35|sigma=2.5|thr=0.137|dist=16|prom=0.001
571,peak,0.5,2.0,0.1,16,0.001,0.7345370257411249,0.655525313010343,0.8352059925093633,6021,3164,1188,peak|T=0.5|sigma=2|thr=0.1|dist=16|prom=0.001
572,peak,0.5,1.5,0.118,16,0.001,0.7344898205035537,0.6491003939103588,0.8457483700929393,6097,3296,1112,peak|T=0.5|sigma=1.5|thr=0.118|dist=16|prom=0.001
573,peak,0.35,1.5,0.118,0,0.001,0.7344463127552245,0.6475696282960923,0.8482452489943126,6115,3328,1094,peak|T=0.35|sigma=1.5|thr=0.118|dist=0|prom=0.001
574,peak,0.35,2.5,0.15,0,0.0,0.7344013490725126,0.7441264416915848,0.7249271743653766,5226,1797,1983,peak|T=0.35|sigma=2.5|thr=0.15|dist=0|prom=0
575,peak,0.35,2.5,0.138,16,0.001,0.7342434745702765,0.749133949191686,0.71993341656263,5190,1738,2019,peak|T=0.35|sigma=2.5|thr=0.138|dist=16|prom=0.001
576,peak,0.35,2.5,0.136,0,0.001,0.7341824440619622,0.7288135593220338,0.7396310167845749,5332,1984,1877,peak|T=0.35|sigma=2.5|thr=0.136|dist=0|prom=0.001
577,peak,0.35,2.5,0.135,0,0.001,0.7341441627155912,0.7273965141612201,0.7410181717297822,5342,2002,1867,peak|T=0.35|sigma=2.5|thr=0.135|dist=0|prom=0.001
578,peak,0.35,2.5,0.134,0,0.001,0.7341147439851944,0.725609756097561,0.7428214731585518,5355,2025,1854,peak|T=0.35|sigma=2.5|thr=0.134|dist=0|prom=0.001
579,peak,0.35,2.0,0.15,0,0.001,0.734001336005344,0.7078984666924365,0.7621029268969344,5494,2267,1715,peak|T=0.35|sigma=2|thr=0.15|dist=0|prom=0.001
580,peak,0.35,2.5,0.139,16,0.001,0.7339618629049408,0.750507393447376,0.7181301151338605,5177,1721,2032,peak|T=0.35|sigma=2.5|thr=0.139|dist=16|prom=0.001
581,peak,0.38780461844336944,1.5,0.118,0,0.0,0.7339000815185747,0.6324134470647266,0.8741850464696906,6302,3663,907,peak|T=0.38780462|sigma=1.5|thr=0.118|dist=0|prom=0
582,peak,0.35,2.5,0.15,16,0.0,0.7335297075939363,0.7608047690014903,0.7081425995283673,5105,1605,2104,peak|T=0.35|sigma=2.5|thr=0.15|dist=16|prom=0
583,peak,0.35,2.5,0.137,0,0.001,0.7335219821933882,0.7299450549450549,0.7371341378832016,5314,1966,1895,peak|T=0.35|sigma=2.5|thr=0.137|dist=0|prom=0.001
584,peak,0.35,2.5,0.138,0,0.001,0.7332595462091865,0.7313371050089692,0.7351921209599113,5300,1947,1909,peak|T=0.35|sigma=2.5|thr=0.138|dist=0|prom=0.001
585,peak,0.35,2.5,0.139,0,0.001,0.7331854111773679,0.7329821156245667,0.7333888195311417,5287,1926,1922,peak|T=0.35|sigma=2.5|thr=0.139|dist=0|prom=0.001
586,peak,0.35,2.0,0.15,24,0.001,0.733017157204631,0.7371300322625894,0.728949923706478,5255,1874,1954,peak|T=0.35|sigma=2|thr=0.15|dist=24|prom=0.001
587,peak,0.38780461844336944,1.5,0.121,0,0.001,0.7326732673267327,0.6397804928556637,0.8571230406436399,6179,3479,1030,peak|T=0.38780462|sigma=1.5|thr=0.121|dist=0|prom=0.001
588,peak,0.38780461844336944,1.5,0.118,0,0.001,0.7314366662731673,0.6365971437377992,0.8594812040504924,6196,3537,1013,peak|T=0.38780462|sigma=1.5|thr=0.118|dist=0|prom=0.001
589,peak,0.35,2.5,0.135,24,0.001,0.7311032028469753,0.7507674316620377,0.7124427798585102,5136,1705,2073,peak|T=0.35|sigma=2.5|thr=0.135|dist=24|prom=0.001
590,peak,0.35,2.5,0.134,24,0.001,0.7310942270822978,0.7489089322083212,0.714107365792759,5148,1726,2061,peak|T=0.35|sigma=2.5|thr=0.134|dist=24|prom=0.001
591,peak,0.35,2.5,0.136,24,0.001,0.7310187495544307,0.751980052801408,0.7111943404078236,5127,1691,2082,peak|T=0.35|sigma=2.5|thr=0.136|dist=24|prom=0.001
592,peak,0.38780461844336944,2.5,0.15,24,0.001,0.7309541150764749,0.7695138782395338,0.6960743515050631,5018,1503,2191,peak|T=0.38780462|sigma=2.5|thr=0.15|dist=24|prom=0.001
593,peak,0.5,1.5,0.139,0,0.001,0.7307871448532837,0.629677937192736,0.8705784436121515,6276,3691,933,peak|T=0.5|sigma=1.5|thr=0.139|dist=0|prom=0.001
594,peak,0.5,1.5,0.139,0,0.0,0.730516324546858,0.6214007782101167,0.8861145789984741,6388,3892,821,peak|T=0.5|sigma=1.5|thr=0.139|dist=0|prom=0
595,peak,0.35,2.5,0.137,24,0.001,0.7302608074312255,0.7530209254347185,0.708836177000971,5110,1676,2099,peak|T=0.35|sigma=2.5|thr=0.137|dist=24|prom=0.001
596,peak,0.35,2.5,0.138,24,0.001,0.7298632490871338,0.7542172240307783,0.7070328755722014,5097,1661,2112,peak|T=0.35|sigma=2.5|thr=0.138|dist=24|prom=0.001
597,peak,0.5,1.5,0.138,0,0.001,0.7297768479776847,0.6279627962796279,0.8709945900957137,6279,3720,930,peak|T=0.5|sigma=1.5|thr=0.138|dist=0|prom=0.001
598,peak,0.35,2.5,0.139,24,0.001,0.7296987087517933,0.7556083791412865,0.7055070051324733,5086,1645,2123,peak|T=0.35|sigma=2.5|thr=0.139|dist=24|prom=0.001
599,segment,0.5,1.5,0.121,0,0.0,0.7294628075583719,0.6198098564221963,0.8862532944929948,6389,3919,820,segment|T=0.5|sigma=1.5|thr=0.121|dist=0|prom=0
600,peak,0.5,1.5,0.138,0,0.0,0.7293996804382562,0.6195831313620941,0.8865307254820364,6391,3924,818,peak|T=0.5|sigma=1.5|thr=0.138|dist=0|prom=0
601,peak,0.5,1.5,0.137,0,0.001,0.7291291988164993,0.6266453928998803,0.8716881675683174,6284,3744,925,peak|T=0.5|sigma=1.5|thr=0.137|dist=0|prom=0.001
602,peak,0.35,2.5,0.15,24,0.0,0.7287519976754322,0.7649839865792283,0.6957969205160216,5016,1541,2193,peak|T=0.35|sigma=2.5|thr=0.15|dist=24|prom=0
603,peak,0.5,1.5,0.137,0,0.0,0.7286397812713603,0.6181501884604234,0.88722430295464,6396,3951,813,peak|T=0.5|sigma=1.5|thr=0.137|dist=0|prom=0
604,peak,0.5,1.5,0.136,0,0.001,0.7285052143684821,0.6255098995124864,0.8721043140518796,6287,3764,922,peak|T=0.5|sigma=1.5|thr=0.136|dist=0|prom=0.001
605,peak,0.35,1.5,0.1,0,0.0,0.7284798799145547,0.6239121835443038,0.8751560549313359,6309,3803,900,peak|T=0.35|sigma=1.5|thr=0.1|dist=0|prom=0
606,peak,0.5,1.5,0.135,0,0.001,0.7280828655749089,0.6246028594122319,0.8726591760299626,6291,3781,918,peak|T=0.5|sigma=1.5|thr=0.135|dist=0|prom=0.001
607,peak,0.5,1.5,0.136,0,0.0,0.7279035377090206,0.6168900028921238,0.8876404494382022,6399,3974,810,peak|T=0.5|sigma=1.5|thr=0.136|dist=0|prom=0
608,peak,0.35,2.5,0.15,0,0.001,0.7278576024018872,0.7508849557522124,0.706200582605077,5091,1689,2118,peak|T=0.35|sigma=2.5|thr=0.15|dist=0|prom=0.001
609,segment,0.5,1.5,0.118,0,0.0,0.7276656241114586,0.616615265998458,0.8875017339436815,6398,3978,811,segment|T=0.5|sigma=1.5|thr=0.118|dist=0|prom=0
610,peak,0.5,1.5,0.134,0,0.001,0.7274408925371408,0.623587710604559,0.8727978915244833,6292,3798,917,peak|T=0.5|sigma=1.5|thr=0.134|dist=0|prom=0.001
611,peak,0.5,1.5,0.135,0,0.0,0.7274069866515194,0.6159099653712966,0.8881953114162852,6403,3993,806,peak|T=0.5|sigma=1.5|thr=0.135|dist=0|prom=0
612,peak,0.5,1.5,0.1,24,0.0,0.7269598243427691,0.6352416511097283,0.84963240393952,6125,3517,1084,peak|T=0.5|sigma=1.5|thr=0.1|dist=24|prom=0
613,peak,0.35,2.5,0.15,16,0.001,0.7269017779073156,0.765617805065234,0.691912886669441,4988,1527,2221,peak|T=0.35|sigma=2.5|thr=0.15|dist=16|prom=0.001
614,peak,0.5,1.5,0.134,0,0.0,0.7265713637395054,0.6146463192244938,0.888334026910806,6404,4015,805,peak|T=0.5|sigma=1.5|thr=0.134|dist=0|prom=0
615,peak,0.35,1.5,0.1,0,0.001,0.7265606733691838,0.6278411960804121,0.8621167984463864,6215,3684,994,peak|T=0.35|sigma=1.5|thr=0.1|dist=0|prom=0.001
616,peak,0.5,1.5,0.1,24,0.001,0.7259795057263412,0.641935827736915,0.835344708003884,6022,3359,1187,peak|T=0.5|sigma=1.5|thr=0.1|dist=24|prom=0.001
617,peak,0.5,2.0,0.1,0,0.001,0.7237607633232488,0.6233089487924641,0.8628103759189901,6220,3759,989,peak|T=0.5|sigma=2|thr=0.1|dist=0|prom=0.001
618,peak,0.5,1.5,0.1,16,0.0,0.7235988883742472,0.6209877770048693,0.8668331252600916,6249,3814,960,peak|T=0.5|sigma=1.5|thr=0.1|dist=16|prom=0
619,peak,0.5,1.5,0.1,16,0.001,0.7227652808856436,0.6279545687097104,0.8512969898737689,6137,3636,1072,peak|T=0.5|sigma=1.5|thr=0.1|dist=16|prom=0.001
620,peak,0.38780461844336944,1.5,0.1,0,0.0,0.7227414330218069,0.6107600995596401,0.8850048550423082,6380,4066,829,peak|T=0.38780462|sigma=1.5|thr=0.1|dist=0|prom=0
621,peak,0.5,2.0,0.1,0,0.0,0.7219605204127412,0.6059493551727384,0.8929116382299903,6437,4186,772,peak|T=0.5|sigma=2|thr=0.1|dist=0|prom=0
622,peak,0.35,2.5,0.15,24,0.001,0.721743612399676,0.7691462649089768,0.6798446386461368,4901,1471,2308,peak|T=0.35|sigma=2.5|thr=0.15|dist=24|prom=0.001
623,peak,0.38780461844336944,1.5,0.1,0,0.001,0.721205845127143,0.6161407647694879,0.8694687196559856,6268,3905,941,peak|T=0.38780462|sigma=1.5|thr=0.1|dist=0|prom=0.001
624,peak,0.5,1.5,0.121,0,0.001,0.7164128404008379,0.6052228811938014,0.8776529338327091,6327,4127,882,peak|T=0.5|sigma=1.5|thr=0.121|dist=0|prom=0.001
625,peak,0.5,1.5,0.121,0,0.0,0.7141827855678101,0.5947018645006461,0.8937439311971147,6443,4391,766,peak|T=0.5|sigma=1.5|thr=0.121|dist=0|prom=0
626,peak,0.5,1.5,0.118,0,0.001,0.7141568981064021,0.6014238253440911,0.8789013732833958,6336,4199,873,peak|T=0.5|sigma=1.5|thr=0.118|dist=0|prom=0.001
627,segment,0.5,1.5,0.1,0,0.0,0.7133207839663381,0.5935685985441813,0.893605215702594,6442,4411,767,segment|T=0.5|sigma=1.5|thr=0.1|dist=0|prom=0
628,peak,0.5,1.5,0.118,0,0.0,0.7116625310173698,0.5906095551894563,0.8951310861423221,6453,4473,756,peak|T=0.5|sigma=1.5|thr=0.118|dist=0|prom=0
629,peak,0.5,1.5,0.1,0,0.001,0.6988347283768258,0.5769647696476965,0.8859758635039534,6387,4683,822,peak|T=0.5|sigma=1.5|thr=0.1|dist=0|prom=0.001
630,peak,0.5,1.5,0.1,0,0.0,0.6943215142628634,0.5639182400831457,0.9031765848245249,6511,5035,698,peak|T=0.5|sigma=1.5|thr=0.1|dist=0|prom=0
