dataset,video,frames,gt_boundaries,pred_boundaries,tp,fp,fn,precision,recall,f1
shot,13335596295,1229,15,16,15,1,0,0.9375,1.0,0.967741935483871
shot,17331353453,1089,13,15,13,2,0,0.8666666666666667,1.0,0.9285714285714286
shot,18592632588,1128,14,16,14,2,0,0.875,1.0,0.9333333333333333
shot,19079860649,1531,13,12,12,0,1,1.0,0.9230769230769231,0.9600000000000001
shot,20915607770,3005,24,31,24,7,0,0.7741935483870968,1.0,0.8727272727272727
shot,21267401290,1141,14,14,13,1,1,0.9285714285714286,0.9285714285714286,0.9285714285714286
shot,24881886015,1441,30,35,28,7,2,0.8,0.9333333333333333,0.8615384615384616
shot,25545843427,1163,20,22,19,3,1,0.8636363636363636,0.95,0.9047619047619048
shot,26922743731,1130,23,24,23,1,0,0.9583333333333334,1.0,0.9787234042553191
shot,27107740997,1127,23,23,23,0,0,1.0,1.0,1.0
shot,27109494185,1185,26,29,25,4,1,0.8620689655172413,0.9615384615384616,0.9090909090909091
shot,27438014338,1159,11,14,10,4,1,0.7142857142857143,0.9090909090909091,0.8
shot,28251171415,3962,52,56,50,6,2,0.8928571428571429,0.9615384615384616,0.9259259259259259
shot,28541329142,1232,29,35,29,6,0,0.8285714285714286,1.0,0.90625
shot,28582983201,1225,23,30,22,8,1,0.7333333333333333,0.9565217391304348,0.8301886792452831
shot,28855524125,1421,22,25,21,4,1,0.84,0.9545454545454546,0.8936170212765958
shot,29015928124,1082,6,16,6,10,0,0.375,1.0,0.5454545454545454
shot,29021603968,1082,6,16,6,10,0,0.375,1.0,0.5454545454545454
shot,29047239060,1247,18,22,18,4,0,0.8181818181818182,1.0,0.9
shot,29513386332,1304,32,34,31,3,1,0.9117647058823529,0.96875,0.9393939393939394
shot,30325167905,1412,24,26,24,2,0,0.9230769230769231,1.0,0.9600000000000001
shot,30382060590,1251,10,16,10,6,0,0.625,1.0,0.7692307692307693
shot,30699682698,2476,33,33,33,0,0,1.0,1.0,1.0
shot,31602670982,1494,12,12,12,0,0,1.0,1.0,1.0
shot,32140458676,1771,21,27,19,8,2,0.7037037037037037,0.9047619047619048,0.7916666666666667
shot,33338203782,3444,29,31,26,5,3,0.8387096774193549,0.896551724137931,0.8666666666666666
shot,33442613297,2430,20,23,14,9,6,0.6086956521739131,0.7,0.6511627906976744
shot,33803189290,2606,28,30,27,3,1,0.9,0.9642857142857143,0.9310344827586207
shot,34996642719,1324,16,19,16,3,0,0.8421052631578947,1.0,0.9142857142857143
shot,35087786411,2951,15,17,15,2,0,0.8823529411764706,1.0,0.9375
shot,35144084768,1563,8,10,8,2,0,0.8,1.0,0.888888888888889
shot,35146145613,1681,12,18,8,10,4,0.4444444444444444,0.6666666666666666,0.5333333333333333
shot,35219009690,1154,26,32,26,6,0,0.8125,1.0,0.896551724137931
shot,35460496768,3450,31,37,31,6,0,0.8378378378378378,1.0,0.911764705882353
shot,38667643656,630,12,12,12,0,0,1.0,1.0,1.0
shot,40355287299,459,6,7,6,1,0,0.8571428571428571,1.0,0.923076923076923
shot,41268001962,773,8,10,8,2,0,0.8,1.0,0.888888888888889
shot,42394122179,670,13,6,6,0,7,1.0,0.46153846153846156,0.631578947368421
shot,42728994306,863,18,15,14,1,4,0.9333333333333333,0.7777777777777778,0.8484848484848485
shot,43235160681,822,11,12,10,2,1,0.8333333333333334,0.9090909090909091,0.8695652173913043
shot,45049694598,945,16,16,16,0,0,1.0,1.0,1.0
shot,46431791499,944,12,14,10,4,2,0.7142857142857143,0.8333333333333334,0.7692307692307692
shot,46435147625,1024,21,20,19,1,2,0.95,0.9047619047619048,0.9268292682926829
shot,47704122306,1020,15,15,12,3,3,0.8,0.8,0.8000000000000002
shot,47957669295,704,13,10,9,1,4,0.9,0.6923076923076923,0.7826086956521738
shot,48122821346,717,15,16,15,1,0,0.9375,1.0,0.967741935483871
shot,48168996848,925,13,12,11,1,2,0.9166666666666666,0.8461538461538461,0.8799999999999999
shot,48422312550,1098,9,11,9,2,0,0.8181818181818182,1.0,0.9
shot,48555393513,1102,18,18,18,0,0,1.0,1.0,1.0
shot,48702737472,859,13,14,10,4,3,0.7142857142857143,0.7692307692307693,0.7407407407407408
shot,48925830537,681,12,12,11,1,1,0.9166666666666666,0.9166666666666666,0.9166666666666666
shot,48938017856,470,12,11,11,0,1,1.0,0.9166666666666666,0.9565217391304348
shot,49056150592,640,9,8,8,0,1,1.0,0.8888888888888888,0.9411764705882353
shot,49104256364,855,8,10,7,3,1,0.7,0.875,0.7777777777777777
shot,49127679449,596,13,10,10,0,3,1.0,0.7692307692307693,0.8695652173913044
shot,49175269235,850,13,13,13,0,0,1.0,1.0,1.0
shot,49361878016,1078,15,16,12,4,3,0.75,0.8,0.7741935483870969
shot,49751514232,484,10,10,10,0,0,1.0,1.0,1.0
shot,49810176625,1376,26,21,21,0,5,1.0,0.8076923076923077,0.8936170212765957
shot,49873920550,424,13,11,9,2,4,0.8181818181818182,0.6923076923076923,0.7500000000000001
shot,49921964653,1921,3,3,3,0,0,1.0,1.0,1.0
shot,49968590052,872,14,14,13,1,1,0.9285714285714286,0.9285714285714286,0.9285714285714286
shot,49974694347,1182,10,6,3,3,7,0.5,0.3,0.37499999999999994
shot,49986240582,702,10,17,10,7,0,0.5882352941176471,1.0,0.7407407407407407
shot,50162190619,795,12,9,9,0,3,1.0,0.75,0.8571428571428571
shot,50165129516,520,2,1,1,0,1,1.0,0.5,0.6666666666666666
shot,50226319770,1059,34,23,21,2,13,0.9130434782608695,0.6176470588235294,0.7368421052631579
shot,50234611771,373,1,1,1,0,0,1.0,1.0,1.0
shot,50270306832,669,7,8,7,1,0,0.875,1.0,0.9333333333333333
shot,50571672955,761,8,8,8,0,0,1.0,1.0,1.0
shot,50630424920,489,13,16,12,4,1,0.75,0.9230769230769231,0.8275862068965517
shot,50681534960,788,7,6,5,1,2,0.8333333333333334,0.7142857142857143,0.7692307692307692
shot,50685420175,454,24,9,8,1,16,0.8888888888888888,0.3333333333333333,0.48484848484848486
shot,50691559420,460,1,1,1,0,0,1.0,1.0,1.0
shot,50722456474,677,16,18,16,2,0,0.8888888888888888,1.0,0.9411764705882353
shot,50730132874,661,8,6,6,0,2,1.0,0.75,0.8571428571428571
shot,50737710150,775,15,15,15,0,0,1.0,1.0,1.0
shot,50747609363,409,4,2,2,0,2,1.0,0.5,0.6666666666666666
shot,50757545897,549,7,7,4,3,3,0.5714285714285714,0.5714285714285714,0.5714285714285714
shot,50777251302,2750,0,0,0,0,0,0.0,0.0,0.0
shot,50779805009,728,14,12,12,0,2,1.0,0.8571428571428571,0.923076923076923
shot,50790423077,8885,40,16,14,2,26,0.875,0.35,0.4999999999999999
shot,50808944385,1105,32,29,24,5,8,0.8275862068965517,0.75,0.7868852459016394
shot,50986712274,934,14,13,13,0,1,1.0,0.9285714285714286,0.962962962962963
shot,51017299441,796,1,1,1,0,0,1.0,1.0,1.0
shot,51035653483,1080,16,19,16,3,0,0.8421052631578947,1.0,0.9142857142857143
shot,51052713926,1305,28,27,25,2,3,0.9259259259259259,0.8928571428571429,0.9090909090909091
shot,51131501640,793,20,20,17,3,3,0.85,0.85,0.85
shot,51146516534,589,13,16,13,3,0,0.8125,1.0,0.896551724137931
shot,51156423976,1040,5,13,5,8,0,0.38461538461538464,1.0,0.5555555555555556
shot,51174508193,542,9,6,6,0,3,1.0,0.6666666666666666,0.8
shot,51194977739,568,2,2,2,0,0,1.0,1.0,1.0
shot,51195576293,588,7,6,6,0,1,1.0,0.8571428571428571,0.923076923076923
shot,51196454667,754,14,12,12,0,2,1.0,0.8571428571428571,0.923076923076923
shot,51358309965,551,7,7,7,0,0,1.0,1.0,1.0
shot,51365944152,695,6,5,5,0,1,1.0,0.8333333333333334,0.9090909090909091
shot,51513541245,643,15,10,10,0,5,1.0,0.6666666666666666,0.8
shot,51557245308,463,7,5,5,0,2,1.0,0.7142857142857143,0.8333333333333333
shot,51564867434,320,3,4,3,1,0,0.75,1.0,0.8571428571428571
shot,51569443007,1147,5,3,0,3,5,0.0,0.0,0.0
shot,51619015176,976,10,13,10,3,0,0.7692307692307693,1.0,0.8695652173913044
shot,51640627175,877,16,17,15,2,1,0.8823529411764706,0.9375,0.9090909090909091
shot,51666131105,1514,22,31,21,10,1,0.6774193548387096,0.9545454545454546,0.7924528301886793
shot,51797484957,519,1,1,1,0,0,1.0,1.0,1.0
shot,51801047674,649,13,9,8,1,5,0.8888888888888888,0.6153846153846154,0.7272727272727274
shot,51813343076,292,1,1,1,0,0,1.0,1.0,1.0
shot,51815641249,529,8,9,7,2,1,0.7777777777777778,0.875,0.823529411764706
shot,51821110945,561,7,7,3,4,4,0.42857142857142855,0.42857142857142855,0.42857142857142855
shot,51822315486,1123,10,10,10,0,0,1.0,1.0,1.0
shot,51828385722,1660,2,1,1,0,1,1.0,0.5,0.6666666666666666
shot,51849706623,1356,18,13,13,0,5,1.0,0.7222222222222222,0.8387096774193548
shot,51850440470,524,5,6,5,1,0,0.8333333333333334,1.0,0.9090909090909091
shot,51851851628,1320,11,13,11,2,0,0.8461538461538461,1.0,0.9166666666666666
shot,51853159475,721,21,17,17,0,4,1.0,0.8095238095238095,0.8947368421052632
shot,51853218995,715,3,2,2,0,1,1.0,0.6666666666666666,0.8
shot,51854738831,545,1,1,1,0,0,1.0,1.0,1.0
shot,51856514703,887,11,9,9,0,2,1.0,0.8181818181818182,0.9
shot,51856804342,600,8,11,8,3,0,0.7272727272727273,1.0,0.8421052631578948
shot,51863405337,431,9,6,6,0,3,1.0,0.6666666666666666,0.8
shot,51864484769,750,12,10,9,1,3,0.9,0.75,0.8181818181818182
shot,51865414031,412,2,2,2,0,0,1.0,1.0,1.0
shot,51879134193,661,16,12,11,1,5,0.9166666666666666,0.6875,0.7857142857142857
shot,51883607241,683,9,9,8,1,1,0.8888888888888888,0.8888888888888888,0.8888888888888888
shot,51898637293,516,8,7,7,0,1,1.0,0.875,0.9333333333333333
shot,51907740028,650,1,1,1,0,0,1.0,1.0,1.0
shot,51909559955,357,0,5,0,5,0,0.0,0.0,0.0
shot,51910832568,3127,38,35,35,0,3,1.0,0.9210526315789473,0.958904109589041
shot,51918316554,714,10,8,8,0,2,1.0,0.8,0.888888888888889
shot,51922596545,409,5,5,5,0,0,1.0,1.0,1.0
shot,51923064451,1194,19,21,19,2,0,0.9047619047619048,1.0,0.9500000000000001
shot,51923935135,411,4,3,3,0,1,1.0,0.75,0.8571428571428571
shot,51936013776,606,0,0,0,0,0,0.0,0.0,0.0
shot,51962572932,597,16,15,15,0,1,1.0,0.9375,0.967741935483871
shot,51968224744,594,5,5,5,0,0,1.0,1.0,1.0
shot,51970090159,680,12,10,10,0,2,1.0,0.8333333333333334,0.9090909090909091
shot,51974495393,538,11,12,8,4,3,0.6666666666666666,0.7272727272727273,0.6956521739130435
shot,51991451479,1241,6,7,2,5,4,0.2857142857142857,0.3333333333333333,0.30769230769230765
shot,51993797249,500,10,10,10,0,0,1.0,1.0,1.0
shot,52018429962,560,7,7,7,0,0,1.0,1.0,1.0
shot,52019528845,245,3,1,1,0,2,1.0,0.3333333333333333,0.5
shot,52020580256,489,3,1,1,0,2,1.0,0.3333333333333333,0.5
shot,52021424972,794,14,18,9,9,5,0.5,0.6428571428571429,0.5625000000000001
shot,52036282996,689,9,9,9,0,0,1.0,1.0,1.0
shot,52039188217,324,1,1,1,0,0,1.0,1.0,1.0
shot,52040994145,930,5,4,4,0,1,1.0,0.8,0.888888888888889
shot,52058235156,2170,0,0,0,0,0,0.0,0.0,0.0
shot,52065612239,444,8,4,4,0,4,1.0,0.5,0.6666666666666666
shot,52079863242,818,7,15,5,10,2,0.3333333333333333,0.7142857142857143,0.4545454545454545
shot,52088212431,694,5,4,4,0,1,1.0,0.8,0.888888888888889
shot,52091274367,465,8,7,7,0,1,1.0,0.875,0.9333333333333333
shot,52103654873,610,9,9,6,3,3,0.6666666666666666,0.6666666666666666,0.6666666666666666
shot,52211794196,1313,20,28,20,8,0,0.7142857142857143,1.0,0.8333333333333333
shot,52221509412,429,12,9,7,2,5,0.7777777777777778,0.5833333333333334,0.6666666666666666
shot,52223316995,782,18,12,12,0,6,1.0,0.6666666666666666,0.8
shot,52227178506,826,25,20,20,0,5,1.0,0.8,0.888888888888889
shot,52230867826,2082,8,8,8,0,0,1.0,1.0,1.0
shot,52231725528,438,3,4,3,1,0,0.75,1.0,0.8571428571428571
shot,52251949405,5252,57,56,55,1,2,0.9821428571428571,0.9649122807017544,0.9734513274336283
shot,52265488856,816,0,0,0,0,0,0.0,0.0,0.0
shot,52267415630,850,6,8,6,2,0,0.75,1.0,0.8571428571428571
shot,52270627051,752,1,1,1,0,0,1.0,1.0,1.0
shot,52278251659,439,9,9,9,0,0,1.0,1.0,1.0
shot,52285405847,450,10,10,9,1,1,0.9,0.9,0.9
shot,52288425765,755,14,8,8,0,6,1.0,0.5714285714285714,0.7272727272727273
shot,52300997756,796,1,1,1,0,0,1.0,1.0,1.0
shot,52306102332,427,2,2,2,0,0,1.0,1.0,1.0
shot,52326893657,1316,15,26,15,11,0,0.5769230769230769,1.0,0.7317073170731707
shot,52342275440,510,2,2,1,1,1,0.5,0.5,0.5
shot,52344741598,974,12,10,9,1,3,0.9,0.75,0.8181818181818182
shot,52355335974,608,13,12,11,1,2,0.9166666666666666,0.8461538461538461,0.8799999999999999
shot,52402555008,443,11,9,9,0,2,1.0,0.8181818181818182,0.9
shot,52428336453,845,12,17,12,5,0,0.7058823529411765,1.0,0.8275862068965517
shot,52459332798,967,26,26,26,0,0,1.0,1.0,1.0
shot,52463663295,1102,13,5,5,0,8,1.0,0.38461538461538464,0.5555555555555556
shot,52465455105,983,17,16,16,0,1,1.0,0.9411764705882353,0.9696969696969697
shot,52484229807,1307,14,18,13,5,1,0.7222222222222222,0.9285714285714286,0.8125000000000001
shot,52527042670,479,4,0,0,0,4,0.0,0.0,0.0
shot,52541409045,1861,3,0,0,0,3,0.0,0.0,0.0
shot,52639473545,451,16,12,12,0,4,1.0,0.75,0.8571428571428571
shot,52648682110,795,16,6,6,0,10,1.0,0.375,0.5454545454545454
shot,52660362549,785,7,2,2,0,5,1.0,0.2857142857142857,0.4444444444444445
shot,52663756053,619,10,11,8,3,2,0.7272727272727273,0.8,0.761904761904762
shot,52678323813,738,12,11,11,0,1,1.0,0.9166666666666666,0.9565217391304348
shot,52737439669,675,1,2,1,1,0,0.5,1.0,0.6666666666666666
shot,52738625825,685,6,5,4,1,2,0.8,0.6666666666666666,0.7272727272727272
shot,52774861683,1130,8,4,4,0,4,1.0,0.5,0.6666666666666666
shot,52862789455,346,2,2,2,0,0,1.0,1.0,1.0
shot,52866623001,915,8,6,6,0,2,1.0,0.75,0.8571428571428571
shot,52905722207,592,14,19,14,5,0,0.7368421052631579,1.0,0.8484848484848484
shot,52906475525,1019,9,9,8,1,1,0.8888888888888888,0.8888888888888888,0.8888888888888888
shot,52911335778,847,3,1,1,0,2,1.0,0.3333333333333333,0.5
shot,52955209496,1010,22,22,21,1,1,0.9545454545454546,0.9545454545454546,0.9545454545454546
shot,52984248093,1144,23,24,22,2,1,0.9166666666666666,0.9565217391304348,0.9361702127659574
shot,52984250725,1139,21,21,19,2,2,0.9047619047619048,0.9047619047619048,0.9047619047619048
shot,53080754988,639,9,6,5,1,4,0.8333333333333334,0.5555555555555556,0.6666666666666667
shot,53085157367,576,17,15,15,0,2,1.0,0.8823529411764706,0.9375
shot,53093515746,648,6,2,2,0,4,1.0,0.3333333333333333,0.5
shot,53094825299,758,8,8,5,3,3,0.625,0.625,0.625
shot,53159808242,848,13,13,11,2,2,0.8461538461538461,0.8461538461538461,0.8461538461538461
shot,53159810406,934,20,17,17,0,3,1.0,0.85,0.9189189189189189
bbc,bbc_01,73876,444,444,434,10,10,0.9774774774774775,0.9774774774774775,0.9774774774774775
bbc,bbc_02,72115,382,376,365,11,17,0.9707446808510638,0.9554973821989529,0.9630606860158312
bbc,bbc_03,73925,420,416,408,8,12,0.9807692307692307,0.9714285714285714,0.9760765550239234
bbc,bbc_04,73575,471,475,464,11,7,0.9768421052631578,0.9851380042462845,0.9809725158562367
bbc,bbc_05,73850,459,464,453,11,6,0.9762931034482759,0.9869281045751634,0.981581798483207
bbc,bbc_06,73985,525,525,514,11,11,0.979047619047619,0.979047619047619,0.979047619047619
bbc,bbc_07,73935,530,535,524,11,6,0.9794392523364486,0.9886792452830189,0.984037558685446
bbc,bbc_08,73850,409,328,322,6,87,0.9817073170731707,0.7872860635696821,0.8738127544097692
bbc,bbc_09,73850,365,364,358,6,7,0.9835164835164835,0.9808219178082191,0.9821673525377229
bbc,bbc_10,73375,373,356,339,17,34,0.952247191011236,0.9088471849865952,0.9300411522633746
bbc,bbc_11,73492,466,469,452,17,14,0.9637526652452025,0.9699570815450643,0.9668449197860962
clipshots,--XNzaz_Y4g,5856,3,46,3,43,0,0.06521739130434782,1.0,0.12244897959183672
clipshots,-0ah6VRUsl4,3912,2,2,0,2,2,0.0,0.0,0.0
clipshots,-17hVQk3wXI,3915,0,2,0,2,0,0.0,0.0,0.0
clipshots,-1uGONNrRlM,7839,69,62,60,2,9,0.967741935483871,0.8695652173913043,0.9160305343511451
clipshots,-57JLTgyV70,3945,30,29,25,4,5,0.8620689655172413,0.8333333333333334,0.847457627118644
clipshots,-629gOGM1Ic,3650,43,41,38,3,5,0.926829268292683,0.8837209302325582,0.9047619047619047
clipshots,-B4G8SeAK6I,5481,0,0,0,0,0,0.0,0.0,0.0
clipshots,-FI7z_9YNl0,4854,8,3,1,2,7,0.3333333333333333,0.125,0.18181818181818182
clipshots,-QLxbPj0zO0,7238,10,85,4,81,6,0.047058823529411764,0.4,0.08421052631578947
clipshots,-XbZW_DUA6k,6431,0,0,0,0,0,0.0,0.0,0.0
clipshots,-ebxou33SH0,6058,0,1,0,1,0,0.0,0.0,0.0
clipshots,-hfiMArhXaI,4320,0,0,0,0,0,0.0,0.0,0.0
clipshots,014bRgoyLaM,5047,0,0,0,0,0,0.0,0.0,0.0
clipshots,0D8juplgVYc,3783,12,5,5,0,7,1.0,0.4166666666666667,0.5882352941176471
clipshots,0EAoOWDVVgM,5214,0,5,0,5,0,0.0,0.0,0.0
clipshots,0EXCdXUN_fk,8206,93,122,85,37,8,0.6967213114754098,0.9139784946236559,0.7906976744186046
clipshots,0FOecJlkeV4,5752,20,27,19,8,1,0.7037037037037037,0.95,0.8085106382978724
clipshots,0GImzG2gP4c,4632,8,41,7,34,1,0.17073170731707318,0.875,0.28571428571428575
clipshots,0IdRA0XX4ms,3059,0,6,0,6,0,0.0,0.0,0.0
clipshots,0L7nfObDMeo,3733,0,1,0,1,0,0.0,0.0,0.0
clipshots,0UugGhQ2zQE,6367,0,0,0,0,0,0.0,0.0,0.0
clipshots,0kzuXD0PmNg,6042,0,11,0,11,0,0.0,0.0,0.0
clipshots,0nZQWIxsLB8,4524,13,30,11,19,2,0.36666666666666664,0.8461538461538461,0.5116279069767441
clipshots,0qJrHcFpi28,6369,0,7,0,7,0,0.0,0.0,0.0
clipshots,1DNVtb9Lauw,1035,1,2,1,1,0,0.5,1.0,0.6666666666666666
clipshots,1EDHuPu0LXo,4179,27,28,27,1,0,0.9642857142857143,1.0,0.9818181818181818
clipshots,1VTe8MlFBGY,3943,1,12,1,11,0,0.08333333333333333,1.0,0.15384615384615385
clipshots,1jZVEI12lXo,8868,4,14,1,13,3,0.07142857142857142,0.25,0.11111111111111112
clipshots,1qAzo9Gdw1k,3788,2,26,2,24,0,0.07692307692307693,1.0,0.14285714285714288
clipshots,1t9hqz2sqqc,3561,22,21,20,1,2,0.9523809523809523,0.9090909090909091,0.9302325581395349
clipshots,21mmJoG6mtQ,5395,48,49,44,5,4,0.8979591836734694,0.9166666666666666,0.9072164948453607
clipshots,227hGhpkGns,4495,6,22,6,16,0,0.2727272727272727,1.0,0.42857142857142855
clipshots,22Aab4EQUlU,3296,2,5,0,5,2,0.0,0.0,0.0
clipshots,2Ayv4jXWrd4,6488,0,0,0,0,0,0.0,0.0,0.0
clipshots,2BMwlRiB2jo,5947,8,7,7,0,1,1.0,0.875,0.9333333333333333
clipshots,2GMXXdcsj3g,5478,7,7,6,1,1,0.8571428571428571,0.8571428571428571,0.8571428571428571
clipshots,2Gr_DjYyV2M,5345,6,8,6,2,0,0.75,1.0,0.8571428571428571
clipshots,2X6bioCwfgs,7540,1,1,1,0,0,1.0,1.0,1.0
clipshots,2Zhg_LrCfT8,6664,6,7,6,1,0,0.8571428571428571,1.0,0.923076923076923
clipshots,2aDNfmVmraA,4732,17,18,17,1,0,0.9444444444444444,1.0,0.9714285714285714
clipshots,2hN9Zka2u94,3576,18,29,18,11,0,0.6206896551724138,1.0,0.7659574468085107
clipshots,2i9mB1EQV7k,8402,53,56,53,3,0,0.9464285714285714,1.0,0.9724770642201834
clipshots,2ph6OKHH-Ns,3181,6,5,5,0,1,1.0,0.8333333333333334,0.9090909090909091
clipshots,3HbAvnmwGRk,7494,60,60,60,0,0,1.0,1.0,1.0
clipshots,3T9LcMW5EOI,3147,12,11,11,0,1,1.0,0.9166666666666666,0.9565217391304348
clipshots,3Tfcap4cBEk,6601,67,79,65,14,2,0.8227848101265823,0.9701492537313433,0.8904109589041096
clipshots,3Tx-uAYU13Q,8070,0,0,0,0,0,0.0,0.0,0.0
clipshots,3YhfM0xjbnk,11961,1,1,1,0,0,1.0,1.0,1.0
clipshots,3c4Z8cbcIiA,4375,49,52,48,4,1,0.9230769230769231,0.9795918367346939,0.9504950495049506
clipshots,3e4Gu1LyruE,9881,2,1,1,0,1,1.0,0.5,0.6666666666666666
clipshots,3fXTbqhlYRg,4112,17,14,12,2,5,0.8571428571428571,0.7058823529411765,0.7741935483870968
clipshots,3jZaLtv90lk,8441,0,3,0,3,0,0.0,0.0,0.0
clipshots,3k2K28A_4qI,5085,10,23,7,16,3,0.30434782608695654,0.7,0.42424242424242425
clipshots,3qIh1HJznqw,4739,1,1,0,1,1,0.0,0.0,0.0
clipshots,3sv6j0MaAYA,4215,0,1,0,1,0,0.0,0.0,0.0
clipshots,3tOK5WYbQdE,5785,7,0,0,0,7,0.0,0.0,0.0
clipshots,3vvF8DFk2Rg,5340,0,0,0,0,0,0.0,0.0,0.0
clipshots,43qMbD5DK7U,7117,43,55,32,23,11,0.5818181818181818,0.7441860465116279,0.6530612244897959
clipshots,4CIzXTpSF5c,4392,0,1,0,1,0,0.0,0.0,0.0
clipshots,4Hf_pnjWTo8,7564,1,3,1,2,0,0.3333333333333333,1.0,0.5
clipshots,4M1bIZd12FE,4581,0,2,0,2,0,0.0,0.0,0.0
clipshots,4Pwd0xwJ5EA,3749,1,2,1,1,0,0.5,1.0,0.6666666666666666
clipshots,4aT37IcW9M0,6026,20,25,20,5,0,0.8,1.0,0.888888888888889
clipshots,4dxZAJSJ198,7267,1,5,1,4,0,0.2,1.0,0.33333333333333337
clipshots,4hVdtaNGHJU,8521,0,0,0,0,0,0.0,0.0,0.0
clipshots,4ioO5WnbrSk,9868,0,0,0,0,0,0.0,0.0,0.0
clipshots,4kx_s9lPt_o,4258,14,31,14,17,0,0.45161290322580644,1.0,0.6222222222222222
clipshots,4yjc-Gim81Q,4926,0,0,0,0,0,0.0,0.0,0.0
clipshots,54_z6Q7Bza4,6139,11,15,11,4,0,0.7333333333333333,1.0,0.846153846153846
clipshots,590S6MpQGLk,13125,43,24,23,1,20,0.9583333333333334,0.5348837209302325,0.6865671641791045
clipshots,5GA25o6W1kk,5079,1,1,1,0,0,1.0,1.0,1.0
clipshots,5J5CdDLbpzk,7840,53,55,52,3,1,0.9454545454545454,0.9811320754716981,0.9629629629629629
clipshots,5KzADyUqlGc,11895,15,55,15,40,0,0.2727272727272727,1.0,0.42857142857142855
clipshots,5L5used_AY0,12234,114,109,107,2,7,0.981651376146789,0.9385964912280702,0.9596412556053812
clipshots,5NM2sovAye8,11155,13,15,13,2,0,0.8666666666666667,1.0,0.9285714285714286
clipshots,5NenSU7d3F8,4865,0,0,0,0,0,0.0,0.0,0.0
clipshots,5PNZhzrq5_g,10265,0,0,0,0,0,0.0,0.0,0.0
clipshots,5QhbaOeMTP0,5913,27,41,21,20,6,0.5121951219512195,0.7777777777777778,0.6176470588235294
clipshots,5SjxKAiEezQ,5180,2,22,1,21,1,0.045454545454545456,0.5,0.08333333333333334
clipshots,5T0JY0HjDvQ,4210,4,15,4,11,0,0.26666666666666666,1.0,0.4210526315789474
clipshots,5VrVQxKSuRg,5800,27,26,26,0,1,1.0,0.9629629629629629,0.9811320754716981
clipshots,5WeKc_Gwzow,4836,0,0,0,0,0,0.0,0.0,0.0
clipshots,5YlGV4XOxjU,4738,0,2,0,2,0,0.0,0.0,0.0
clipshots,5cUViKlaXS8,11965,66,64,63,1,3,0.984375,0.9545454545454546,0.9692307692307692
clipshots,5hKzRQsxJ9I,9328,45,53,44,9,1,0.8301886792452831,0.9777777777777777,0.8979591836734695
clipshots,5jKAHJVEvNM,5859,39,47,38,9,1,0.8085106382978723,0.9743589743589743,0.8837209302325582
clipshots,5p14VILXiJA,4327,1,1,1,0,0,1.0,1.0,1.0
clipshots,5rvnU3_u7eM,7542,1,2,1,1,0,0.5,1.0,0.6666666666666666
clipshots,5sSOOTpInmo,5111,19,18,17,1,2,0.9444444444444444,0.8947368421052632,0.918918918918919
clipshots,5wUJTe4fffs,5131,53,56,53,3,0,0.9464285714285714,1.0,0.9724770642201834
clipshots,5yxovEWYFTg,6163,2,2,2,0,0,1.0,1.0,1.0
clipshots,61Utysgjk5A,11275,1,1,1,0,0,1.0,1.0,1.0
clipshots,63kfDewSFWU,3818,6,15,4,11,2,0.26666666666666666,0.6666666666666666,0.3809523809523809
clipshots,65IFKi8DsYQ,14424,2,1,1,0,1,1.0,0.5,0.6666666666666666
clipshots,6DJqbtJT8Yk,7318,0,1,0,1,0,0.0,0.0,0.0
clipshots,6EIHXeDiGCM,5322,31,34,28,6,3,0.8235294117647058,0.9032258064516129,0.8615384615384616
clipshots,6EsSxxzINPU,5398,0,0,0,0,0,0.0,0.0,0.0
clipshots,6KzgAGfGI0A,3585,0,0,0,0,0,0.0,0.0,0.0
clipshots,6PfCNevZpGs,4141,43,44,43,1,0,0.9772727272727273,1.0,0.9885057471264368
clipshots,6Rs8FMCCj2Q,5118,33,30,30,0,3,1.0,0.9090909090909091,0.9523809523809523
clipshots,6UZVPjiPuQM,5215,9,9,8,1,1,0.8888888888888888,0.8888888888888888,0.8888888888888888
clipshots,6e2-G6CXeT0,5420,3,51,2,49,1,0.0392156862745098,0.6666666666666666,0.07407407407407407
clipshots,6i08rX1EDiE,1571,0,0,0,0,0,0.0,0.0,0.0
clipshots,6saetuq2VVc,6830,44,43,43,0,1,1.0,0.9772727272727273,0.9885057471264368
clipshots,6zxr870ir74,5688,71,73,70,3,1,0.958904109589041,0.9859154929577465,0.9722222222222222
clipshots,76pWQMHgryo,7257,8,8,8,0,0,1.0,1.0,1.0
clipshots,7Cg0ErwOxDw,6123,68,60,56,4,12,0.9333333333333333,0.8235294117647058,0.8749999999999999
clipshots,7RPuriUQDek,8524,0,3,0,3,0,0.0,0.0,0.0
clipshots,7T9vwkjZCig,6742,0,4,0,4,0,0.0,0.0,0.0
clipshots,7Tn5ELedpAA,5736,14,6,6,0,8,1.0,0.42857142857142855,0.6
clipshots,7X3bjU_K1Sw,5473,0,0,0,0,0,0.0,0.0,0.0
clipshots,7Z173RYN6ds,3674,1,2,1,1,0,0.5,1.0,0.6666666666666666
clipshots,7ZltLaQDQ1M,5654,0,0,0,0,0,0.0,0.0,0.0
clipshots,7_0kL8e3eM0,6255,0,0,0,0,0,0.0,0.0,0.0
clipshots,7_hVfrdfb6o,7620,11,8,5,3,6,0.625,0.45454545454545453,0.5263157894736842
clipshots,7cGM1STrID0,3901,0,0,0,0,0,0.0,0.0,0.0
clipshots,7gk9tckdaHQ,13440,0,0,0,0,0,0.0,0.0,0.0
clipshots,7gsFTeEAQBQ,8297,21,24,21,3,0,0.875,1.0,0.9333333333333333
clipshots,7hi7yZe1V7U,3176,22,20,17,3,5,0.85,0.7727272727272727,0.8095238095238095
clipshots,7hjIPMzvguY,4839,2,2,2,0,0,1.0,1.0,1.0
clipshots,7u0toZHBf0o,6802,51,52,50,2,1,0.9615384615384616,0.9803921568627451,0.970873786407767
clipshots,7u1chlwLirk,7537,7,23,7,16,0,0.30434782608695654,1.0,0.4666666666666667
clipshots,7vCBAQ9UPEw,5734,4,5,4,1,0,0.8,1.0,0.888888888888889
clipshots,7v_BpmoGuPI,8435,1,62,1,61,0,0.016129032258064516,1.0,0.031746031746031744
clipshots,7w28nLU-bEo,5986,0,0,0,0,0,0.0,0.0,0.0
clipshots,7yBMcauzjLs,6832,3,9,3,6,0,0.3333333333333333,1.0,0.5
clipshots,7z0Bs6SHRx4,4084,62,62,60,2,2,0.967741935483871,0.967741935483871,0.967741935483871
clipshots,82NnK-jwyAg,6651,1,1,1,0,0,1.0,1.0,1.0
clipshots,84QLb7w1jGQ,7080,0,0,0,0,0,0.0,0.0,0.0
clipshots,86ZLL4wKKTE,4671,48,49,47,2,1,0.9591836734693877,0.9791666666666666,0.9690721649484536
clipshots,89Axv7-NJIY,4541,0,27,0,27,0,0.0,0.0,0.0
clipshots,8BlCSSrmXaI,6643,21,25,20,5,1,0.8,0.9523809523809523,0.8695652173913043
clipshots,8CHJrV9JOr0,5156,15,10,10,0,5,1.0,0.6666666666666666,0.8
clipshots,8FMOwdn3Wwg,12336,8,7,7,0,1,1.0,0.875,0.9333333333333333
clipshots,8FewurXJcxY,2713,0,0,0,0,0,0.0,0.0,0.0
clipshots,8K-MOZbraeg,9079,6,0,0,0,6,0.0,0.0,0.0
clipshots,8P0sy6M019Q,6690,4,10,4,6,0,0.4,1.0,0.5714285714285715
clipshots,8VxMQjZem0g,13947,27,26,21,5,6,0.8076923076923077,0.7777777777777778,0.7924528301886792
clipshots,8WAuLb5N5WQ,3596,0,0,0,0,0,0.0,0.0,0.0
clipshots,8_yNU8G88AU,11458,137,148,134,14,3,0.9054054054054054,0.9781021897810219,0.9403508771929824
clipshots,8dC_Dt156_U,4476,0,1,0,1,0,0.0,0.0,0.0
clipshots,8dUrudgeqPs,3951,34,12,8,4,26,0.6666666666666666,0.23529411764705882,0.3478260869565218
clipshots,8dVwLG6qQ-E,5099,16,17,16,1,0,0.9411764705882353,1.0,0.9696969696969697
clipshots,8jqC3j6cQI0,3583,9,14,6,8,3,0.42857142857142855,0.6666666666666666,0.5217391304347826
clipshots,8kUPgZvaaoc,14287,13,11,8,3,5,0.7272727272727273,0.6153846153846154,0.6666666666666667
clipshots,8nyZkEzd988,8799,1,1,1,0,0,1.0,1.0,1.0
clipshots,8o8Z5S2iw4E,3505,68,69,67,2,1,0.9710144927536232,0.9852941176470589,0.9781021897810219
clipshots,8rh1-lBjRtQ,3362,37,33,33,0,4,1.0,0.8918918918918919,0.9428571428571428
clipshots,969svnLGFhE,5495,6,32,4,28,2,0.125,0.6666666666666666,0.21052631578947367
clipshots,96tC5yBKQwk,8600,5,4,3,1,2,0.75,0.6,0.6666666666666665
clipshots,9DcL2QZQzuM,5548,4,9,4,5,0,0.4444444444444444,1.0,0.6153846153846153
clipshots,9J3t5T6YnPo,11378,0,41,0,41,0,0.0,0.0,0.0
clipshots,9MMTTdr-tbI,11394,286,32,26,6,260,0.8125,0.09090909090909091,0.16352201257861634
clipshots,9OQW_IepK1I,6484,29,31,29,2,0,0.9354838709677419,1.0,0.9666666666666666
clipshots,9OS3aUY5Hrc,7890,24,16,16,0,8,1.0,0.6666666666666666,0.8
clipshots,9O_z-jAJpqs,3007,23,24,23,1,0,0.9583333333333334,1.0,0.9787234042553191
clipshots,9SM3Jx00_Vo,6647,1,1,1,0,0,1.0,1.0,1.0
clipshots,9UF98rRy_bU,3729,33,32,32,0,1,1.0,0.9696969696969697,0.9846153846153847
clipshots,9Z2puafitws,13666,2,3,2,1,0,0.6666666666666666,1.0,0.8
clipshots,9_msXJPGO8Y,9998,16,21,15,6,1,0.7142857142857143,0.9375,0.8108108108108109
clipshots,9eefVWkwl58,11902,2,5,1,4,1,0.2,0.5,0.28571428571428575
clipshots,9kRbDLr9BRU,11992,5,9,5,4,0,0.5555555555555556,1.0,0.7142857142857143
clipshots,9mbqMf_kip0,6475,0,0,0,0,0,0.0,0.0,0.0
clipshots,9t3p-8_0HYg,4362,2,2,1,1,1,0.5,0.5,0.5
clipshots,9wPVikZQw3Y,5772,22,32,22,10,0,0.6875,1.0,0.8148148148148148
clipshots,A02osPznln0,3876,0,1,0,1,0,0.0,0.0,0.0
clipshots,A0q0SnF0mKU,5076,2,3,2,1,0,0.6666666666666666,1.0,0.8
clipshots,A2UTphkx_Zo,7533,7,4,4,0,3,1.0,0.5714285714285714,0.7272727272727273
clipshots,A4pz0tqxLW8,8878,0,0,0,0,0,0.0,0.0,0.0
clipshots,A7O__xXLmT4,3879,0,0,0,0,0,0.0,0.0,0.0
clipshots,AH-LBNT0X7M,3618,0,0,0,0,0,0.0,0.0,0.0
clipshots,AMSO77sjwMo,4757,30,34,28,6,2,0.8235294117647058,0.9333333333333333,0.8749999999999999
clipshots,AMrDMEl3-ZY,14818,1,0,0,0,1,0.0,0.0,0.0
clipshots,AMzJOrwnnPo,5346,2,2,2,0,0,1.0,1.0,1.0
clipshots,ANYoX7vtXt0,12769,59,62,56,6,3,0.9032258064516129,0.9491525423728814,0.9256198347107438
clipshots,AOy5XgWATtM,3154,27,30,27,3,0,0.9,1.0,0.9473684210526316
clipshots,APNyA6-3l7I,14955,0,0,0,0,0,0.0,0.0,0.0
clipshots,APP96QgkXwg,4382,26,28,25,3,1,0.8928571428571429,0.9615384615384616,0.9259259259259259
clipshots,APVB-J0EcDw,7383,59,61,59,2,0,0.9672131147540983,1.0,0.9833333333333333
clipshots,ATHzsuxCes0,6602,67,64,64,0,3,1.0,0.9552238805970149,0.9770992366412213
clipshots,AUXDfgrIiDk,5283,0,0,0,0,0,0.0,0.0,0.0
clipshots,AWh_gu5BlP4,7598,14,13,12,1,2,0.9230769230769231,0.8571428571428571,0.888888888888889
clipshots,A_2zx2PDOWA,5407,13,88,10,78,3,0.11363636363636363,0.7692307692307693,0.198019801980198
clipshots,Ad81JrntCmY,4568,36,33,32,1,4,0.9696969696969697,0.8888888888888888,0.927536231884058
clipshots,AeusrB1pOHs,5449,12,12,12,0,0,1.0,1.0,1.0
clipshots,AhMUpL1ftFE,7768,7,4,3,1,4,0.75,0.42857142857142855,0.5454545454545454
clipshots,AhP6OFvvZZc,4364,47,35,29,6,18,0.8285714285714286,0.6170212765957447,0.7073170731707318
clipshots,Aj68AvKlhAk,4836,26,23,19,4,7,0.8260869565217391,0.7307692307692307,0.7755102040816326
clipshots,AlVGLHkgBU0,909,0,0,0,0,0,0.0,0.0,0.0
clipshots,AtzNdzEeQsA,4881,0,1,0,1,0,0.0,0.0,0.0
clipshots,AuzzSBzECXs,4551,27,30,27,3,0,0.9,1.0,0.9473684210526316
clipshots,AxcIVBlbuPA,4886,18,17,17,0,1,1.0,0.9444444444444444,0.9714285714285714
clipshots,Az2VbWo3uEI,12406,7,14,6,8,1,0.42857142857142855,0.8571428571428571,0.5714285714285714
clipshots,AzPK8FfvWmo,9117,7,12,4,8,3,0.3333333333333333,0.5714285714285714,0.4210526315789474
clipshots,AzPnINC7TCY,7422,67,66,64,2,3,0.9696969696969697,0.9552238805970149,0.9624060150375939
clipshots,B07kJVJqgJk,6751,2,0,0,0,2,0.0,0.0,0.0
clipshots,B7XSGwCNVQg,4621,28,32,28,4,0,0.875,1.0,0.9333333333333333
clipshots,BAgcx7pSWQo,8798,14,22,13,9,1,0.5909090909090909,0.9285714285714286,0.7222222222222223
clipshots,BBrgqGSSHGQ,3005,2,30,2,28,0,0.06666666666666667,1.0,0.125
clipshots,BCZBrw5eNC8,11428,3,8,3,5,0,0.375,1.0,0.5454545454545454
clipshots,BFX_wNR1buM,4517,9,8,7,1,2,0.875,0.7777777777777778,0.823529411764706
clipshots,BL3IwwxkpTE,7458,0,0,0,0,0,0.0,0.0,0.0
clipshots,BOd7x1IJq-Q,3094,0,0,0,0,0,0.0,0.0,0.0
clipshots,B_Hn2HR0w7k,8152,5,12,4,8,1,0.3333333333333333,0.8,0.47058823529411764
clipshots,BcE0LTERlNA,12022,3,7,2,5,1,0.2857142857142857,0.6666666666666666,0.4
clipshots,Bm_ouwdJ4Yo,3745,1,20,1,19,0,0.05,1.0,0.09523809523809523
clipshots,BtNXwA6H7L0,6881,5,10,5,5,0,0.5,1.0,0.6666666666666666
clipshots,C1z8QOQeshA,9310,6,5,4,1,2,0.8,0.6666666666666666,0.7272727272727272
clipshots,C92jTl7xUXc,5220,0,1,0,1,0,0.0,0.0,0.0
clipshots,CAGnEXM5sYo,7695,0,1,0,1,0,0.0,0.0,0.0
clipshots,D0ERfQz8cH8,5237,9,8,7,1,2,0.875,0.7777777777777778,0.823529411764706
clipshots,DAGY5xh8Ne0,12129,0,0,0,0,0,0.0,0.0,0.0
clipshots,DBWxacnkjY4,3952,2,1,1,0,1,1.0,0.5,0.6666666666666666
clipshots,DypdVl8tqU8,4273,0,0,0,0,0,0.0,0.0,0.0
clipshots,E1THWfIW3nM,10219,16,100,9,91,7,0.09,0.5625,0.15517241379310345
clipshots,EQ0BBm0FEYA,11348,93,160,85,75,8,0.53125,0.9139784946236559,0.6719367588932805
clipshots,EUu9QaxS-kk,8580,3,7,3,4,0,0.42857142857142855,1.0,0.6
clipshots,EZYA3NRCHyQ,6077,30,40,27,13,3,0.675,0.9,0.7714285714285714
clipshots,EzbiW9Kxnao,4497,30,28,28,0,2,1.0,0.9333333333333333,0.9655172413793104
clipshots,F-sJg-7uuJ8,5103,7,9,6,3,1,0.6666666666666666,0.8571428571428571,0.75
clipshots,F3wN7OCiEa4,9210,0,0,0,0,0,0.0,0.0,0.0
clipshots,F6lFvmphgSo,5998,0,0,0,0,0,0.0,0.0,0.0
clipshots,FCC4GvGe-Ns,5538,50,51,50,1,0,0.9803921568627451,1.0,0.99009900990099
clipshots,FI5NBKEObd0,5952,16,15,15,0,1,1.0,0.9375,0.967741935483871
clipshots,FKzrH8ykHyQ,3044,0,0,0,0,0,0.0,0.0,0.0
clipshots,FZ-IY_BwuYE,5456,4,5,4,1,0,0.8,1.0,0.888888888888889
clipshots,FcA3Jo8fp_E,5421,0,1,0,1,0,0.0,0.0,0.0
clipshots,FhAEws4YNLA,14479,12,15,12,3,0,0.8,1.0,0.888888888888889
clipshots,FhdTaBpLqe8,3039,0,0,0,0,0,0.0,0.0,0.0
clipshots,G-uLFut95hI,13097,0,0,0,0,0,0.0,0.0,0.0
clipshots,GBBwUpBOL24,3806,7,7,7,0,0,1.0,1.0,1.0
clipshots,GBivYOQgeyI,4500,0,6,0,6,0,0.0,0.0,0.0
clipshots,GBltu_0Jhhs,4689,16,22,16,6,0,0.7272727272727273,1.0,0.8421052631578948
clipshots,GU0E63mTROw,12557,37,42,37,5,0,0.8809523809523809,1.0,0.9367088607594937
clipshots,GVJqLo87a4w,5760,0,0,0,0,0,0.0,0.0,0.0
clipshots,GVffmZbpMHc,10518,44,50,44,6,0,0.88,1.0,0.9361702127659575
clipshots,GVlAGFamO-s,5153,0,0,0,0,0,0.0,0.0,0.0
clipshots,GZaneGIbiSI,12280,10,29,9,20,1,0.3103448275862069,0.9,0.4615384615384615
clipshots,G_4HacVz2w0,10597,8,8,5,3,3,0.625,0.625,0.625
clipshots,GdyAPmg8Slc,6550,1,3,1,2,0,0.3333333333333333,1.0,0.5
clipshots,GeM-rbCviJo,7462,27,27,26,1,1,0.9629629629629629,0.9629629629629629,0.9629629629629629
clipshots,GlVVbaoeA7Y,6787,15,11,9,2,6,0.8181818181818182,0.6,0.6923076923076923
clipshots,Gm-W4i5u4z4,2373,1,6,1,5,0,0.16666666666666666,1.0,0.2857142857142857
clipshots,Gtlq7HlJxLs,4803,0,0,0,0,0,0.0,0.0,0.0
clipshots,GvAjTbTqJDc,5493,7,17,6,11,1,0.35294117647058826,0.8571428571428571,0.5
clipshots,H4zNcq99JqI,3690,0,0,0,0,0,0.0,0.0,0.0
clipshots,HEuvaSTjnAQ,2678,2,26,1,25,1,0.038461538461538464,0.5,0.07142857142857144
clipshots,HK9kfpCFTc8,13861,1,4,1,3,0,0.25,1.0,0.4
clipshots,HKZ0lzyWA3I,5200,9,9,8,1,1,0.8888888888888888,0.8888888888888888,0.8888888888888888
clipshots,HaLy7GH8ikk,3683,13,15,11,4,2,0.7333333333333333,0.8461538461538461,0.7857142857142856
clipshots,HjYa83jR0jI,10588,26,160,26,134,0,0.1625,1.0,0.27956989247311825
clipshots,HoAPEVg_bA0,3927,0,0,0,0,0,0.0,0.0,0.0
clipshots,IG_KLAPpK10,9217,2,2,2,0,0,1.0,1.0,1.0
clipshots,IIXsljm6EYI,3017,0,0,0,0,0,0.0,0.0,0.0
clipshots,IIkX6y6kxGo,4141,3,6,3,3,0,0.5,1.0,0.6666666666666666
clipshots,ILNXTKeUk1w,3165,19,23,19,4,0,0.8260869565217391,1.0,0.9047619047619047
clipshots,IMJ__sUd4y0,13523,19,19,19,0,0,1.0,1.0,1.0
clipshots,INEMyhnpoyE,5261,0,1,0,1,0,0.0,0.0,0.0
clipshots,IbeDzISa4E4,8746,20,26,20,6,0,0.7692307692307693,1.0,0.8695652173913044
clipshots,IqCAnvLDzQU,13530,0,0,0,0,0,0.0,0.0,0.0
clipshots,IxNw4tjmOSU,5498,0,0,0,0,0,0.0,0.0,0.0
clipshots,J1ndvzUAw20,5381,15,18,12,6,3,0.6666666666666666,0.8,0.7272727272727272
clipshots,J6efR-Tg0gk,10678,6,5,4,1,2,0.8,0.6666666666666666,0.7272727272727272
clipshots,J7G5pumjMJw,3748,3,3,2,1,1,0.6666666666666666,0.6666666666666666,0.6666666666666666
clipshots,JBOHBznkp8o,5175,0,0,0,0,0,0.0,0.0,0.0
clipshots,JOOM65fyNuQ,5125,0,5,0,5,0,0.0,0.0,0.0
clipshots,JP2A9hFrzAw,4127,7,9,7,2,0,0.7777777777777778,1.0,0.8750000000000001
clipshots,JYxZ2zg9hD8,4810,1,4,1,3,0,0.25,1.0,0.4
clipshots,JfWnY_UXe3E,5697,3,14,2,12,1,0.14285714285714285,0.6666666666666666,0.23529411764705882
clipshots,JnquHt-s1-s,3683,0,2,0,2,0,0.0,0.0,0.0
clipshots,JuIPldiYqeQ,7132,112,111,108,3,4,0.972972972972973,0.9642857142857143,0.968609865470852
clipshots,K4iAsPBB5Sk,4307,0,0,0,0,0,0.0,0.0,0.0
clipshots,K9DPFrka668,10918,5,8,4,4,1,0.5,0.8,0.6153846153846154
clipshots,KIS81JBoNNo,4633,0,1,0,1,0,0.0,0.0,0.0
clipshots,KMFQmRKFCqc,2975,0,1,0,1,0,0.0,0.0,0.0
clipshots,KMix7BDtDSE,10410,0,0,0,0,0,0.0,0.0,0.0
clipshots,KcQZmz2B4H8,13572,96,101,93,8,3,0.9207920792079208,0.96875,0.9441624365482234
clipshots,Km34zlv0LnQ,8468,2,4,2,2,0,0.5,1.0,0.6666666666666666
clipshots,KoXoKN2rNDM,3866,10,16,10,6,0,0.625,1.0,0.7692307692307693
clipshots,Kqvsb4R4SaU,5916,0,0,0,0,0,0.0,0.0,0.0
clipshots,KzNF4VMeU_g,14158,1,7,1,6,0,0.14285714285714285,1.0,0.25
clipshots,KzmNvb4iyLU,6073,0,7,0,7,0,0.0,0.0,0.0
clipshots,L8bdqeNgvck,11703,134,135,122,13,12,0.9037037037037037,0.9104477611940298,0.9070631970260223
clipshots,LA8PQAOlXLE,4089,4,4,4,0,0,1.0,1.0,1.0
clipshots,LB6Ebd8vI3o,12056,1,12,1,11,0,0.08333333333333333,1.0,0.15384615384615385
clipshots,LEnvkWB6Ok4,6213,1,2,1,1,0,0.5,1.0,0.6666666666666666
clipshots,LGiJWckj4tU,4576,0,24,0,24,0,0.0,0.0,0.0
clipshots,LSnC49YXvzI,3719,11,10,9,1,2,0.9,0.8181818181818182,0.8571428571428572
clipshots,LTxqfl0FUA4,4063,25,28,25,3,0,0.8928571428571429,1.0,0.9433962264150945
clipshots,L_OR3srstV4,2159,0,1,0,1,0,0.0,0.0,0.0
clipshots,LhRwhHB_p0A,3703,0,0,0,0,0,0.0,0.0,0.0
clipshots,Lj7CxJ8VjaQ,6191,57,60,57,3,0,0.95,1.0,0.9743589743589743
clipshots,LkD8aoVda8Q,7774,1,2,1,1,0,0.5,1.0,0.6666666666666666
clipshots,LlBx1npbneI,7399,9,29,4,25,5,0.13793103448275862,0.4444444444444444,0.21052631578947367
clipshots,M0awxwLRzcc,7092,0,0,0,0,0,0.0,0.0,0.0
clipshots,M9kQt8K7p0E,5211,0,0,0,0,0,0.0,0.0,0.0
clipshots,MR5ACKuZ1gU,3307,13,13,13,0,0,1.0,1.0,1.0
clipshots,MZ3Am_lm5yU,4128,33,34,33,1,0,0.9705882352941176,1.0,0.9850746268656716
clipshots,MdvWY-o5UsQ,2795,1,1,1,0,0,1.0,1.0,1.0
clipshots,MkwWCIkjEpg,7372,25,28,25,3,0,0.8928571428571429,1.0,0.9433962264150945
clipshots,MqDs3-eAns8,3586,2,4,1,3,1,0.25,0.5,0.3333333333333333
clipshots,MyxYazO7zLc,1643,0,0,0,0,0,0.0,0.0,0.0
clipshots,Mzxb-zcFyms,5588,0,1,0,1,0,0.0,0.0,0.0
clipshots,N903tGMVrIY,11056,2,15,1,14,1,0.06666666666666667,0.5,0.11764705882352941
clipshots,NDikVpgzFrc,2775,26,23,23,0,3,1.0,0.8846153846153846,0.9387755102040816
clipshots,NEQ8T9Q0aIg,4655,0,0,0,0,0,0.0,0.0,0.0
clipshots,NIKg8VTy12Q,3686,1,2,1,1,0,0.5,1.0,0.6666666666666666
clipshots,NK-49aIHnoc,5496,1,3,1,2,0,0.3333333333333333,1.0,0.5
clipshots,NTZr-hZqb_k,10325,29,32,29,3,0,0.90625,1.0,0.9508196721311475
clipshots,NZz5ydXbBAw,5194,0,2,0,2,0,0.0,0.0,0.0
clipshots,Naz-EdVKqP4,4069,1,1,1,0,0,1.0,1.0,1.0
clipshots,NjBkqdNsN9A,3933,26,26,26,0,0,1.0,1.0,1.0
clipshots,Nrb3IlNkIJA,6538,53,52,51,1,2,0.9807692307692307,0.9622641509433962,0.9714285714285713
clipshots,NtSDd21VTi8,4764,13,13,13,0,0,1.0,1.0,1.0
clipshots,NwbYFbdycE0,3092,0,0,0,0,0,0.0,0.0,0.0
clipshots,O0Pu_nwvPHU,3829,0,7,0,7,0,0.0,0.0,0.0
clipshots,O6_rHXujyQw,7472,5,8,3,5,2,0.375,0.6,0.4615384615384615
clipshots,OJR4CWLNzm0,5308,0,28,0,28,0,0.0,0.0,0.0
clipshots,ONZStPcrO5Q,6832,0,5,0,5,0,0.0,0.0,0.0
clipshots,ONxzFyCxgLU,13185,1,4,1,3,0,0.25,1.0,0.4
clipshots,OTcxjITAifM,3804,0,0,0,0,0,0.0,0.0,0.0
clipshots,POKR5E6P_wg,10849,0,1,0,1,0,0.0,0.0,0.0
clipshots,PSMkjSPdeoo,10287,29,35,29,6,0,0.8285714285714286,1.0,0.90625
clipshots,PYWDmVhY3aA,10977,0,7,0,7,0,0.0,0.0,0.0
clipshots,QviQC9-Ojus,7250,33,36,32,4,1,0.8888888888888888,0.9696969696969697,0.927536231884058
clipshots,RCNWKS4TrY0,7629,6,5,4,1,2,0.8,0.6666666666666666,0.7272727272727272
clipshots,RdmrOPWO-bA,7631,0,1,0,1,0,0.0,0.0,0.0
clipshots,RhMKbKtWDm0,4506,37,37,33,4,4,0.8918918918918919,0.8918918918918919,0.8918918918918919
clipshots,Rw3DgWrWQng,4397,1,5,1,4,0,0.2,1.0,0.33333333333333337
clipshots,S4L-oOznSJk,6766,50,52,49,3,1,0.9423076923076923,0.98,0.9607843137254902
clipshots,S9z8Msntm1E,5927,55,55,55,0,0,1.0,1.0,1.0
clipshots,SCCufQr1wTU,3691,23,23,21,2,2,0.9130434782608695,0.9130434782608695,0.9130434782608695
clipshots,SmKfucxKocQ,9601,0,7,0,7,0,0.0,0.0,0.0
clipshots,SpWWfq530wg,14595,0,1,0,1,0,0.0,0.0,0.0
clipshots,Ss8tcgzzZ1c,10787,59,63,59,4,0,0.9365079365079365,1.0,0.9672131147540983
clipshots,SstL1-6ckAM,3677,31,31,31,0,0,1.0,1.0,1.0
clipshots,T8aUV5sSYgI,12180,0,0,0,0,0,0.0,0.0,0.0
clipshots,TO82a8U7r6w,3616,0,0,0,0,0,0.0,0.0,0.0
clipshots,TV9JFONuRRQ,3637,13,15,13,2,0,0.8666666666666667,1.0,0.9285714285714286
clipshots,TYAYUHKaByM,4040,31,31,31,0,0,1.0,1.0,1.0
clipshots,TcpV7iKIlDA,10050,0,1,0,1,0,0.0,0.0,0.0
clipshots,TezQvNZgxTA,6165,31,37,30,7,1,0.8108108108108109,0.967741935483871,0.8823529411764706
clipshots,Th-TD2ChDcE,3941,19,20,19,1,0,0.95,1.0,0.9743589743589743
clipshots,Ti3XIBYo-lA,4980,2,2,2,0,0,1.0,1.0,1.0
clipshots,TiA1aGcHN1k,2844,0,3,0,3,0,0.0,0.0,0.0
clipshots,U-mBwWjNz4E,3934,36,31,29,2,7,0.9354838709677419,0.8055555555555556,0.8656716417910448
clipshots,U0lmRWX9ycI,7959,24,26,23,3,1,0.8846153846153846,0.9583333333333334,0.9199999999999999
clipshots,UMlpmwvmh-0,13247,71,69,65,4,6,0.9420289855072463,0.9154929577464789,0.9285714285714286
clipshots,UOpZALsZC8I,2990,0,11,0,11,0,0.0,0.0,0.0
clipshots,UPmjB5rst_c,7671,7,4,4,0,3,1.0,0.5714285714285714,0.7272727272727273
clipshots,UZD-PAjLeHw,7186,15,22,15,7,0,0.6818181818181818,1.0,0.8108108108108109
clipshots,UlZTdP06Izg,3781,0,0,0,0,0,0.0,0.0,0.0
clipshots,V9cmKO6UKt4,5310,1,2,1,1,0,0.5,1.0,0.6666666666666666
clipshots,VFLbkRntnRI,8289,9,10,9,1,0,0.9,1.0,0.9473684210526316
clipshots,VFyloCw8MS0,4143,0,0,0,0,0,0.0,0.0,0.0
clipshots,VZC84V2RjCA,3224,23,34,22,12,1,0.6470588235294118,0.9565217391304348,0.7719298245614036
clipshots,V_s3_9Atdqo,5366,5,4,2,2,3,0.5,0.4,0.4444444444444445
clipshots,VkVe_HqCfcc,3092,1,3,1,2,0,0.3333333333333333,1.0,0.5
clipshots,VvRShX7N2WY,6168,0,0,0,0,0,0.0,0.0,0.0
clipshots,VvRp-whPZNo,4590,1,2,1,1,0,0.5,1.0,0.6666666666666666
clipshots,W8jA09kcEWQ,5762,1,1,1,0,0,1.0,1.0,1.0
clipshots,W9IINhvi3Ho,8321,48,51,47,4,1,0.9215686274509803,0.9791666666666666,0.9494949494949494
clipshots,WBWd0MeAU5I,5641,0,1,0,1,0,0.0,0.0,0.0
clipshots,WUu0_K2f_bc,12526,0,0,0,0,0,0.0,0.0,0.0
clipshots,WXSADPefl2g,5822,66,71,62,9,4,0.8732394366197183,0.9393939393939394,0.9051094890510948
clipshots,WpQmfeL_AR8,7569,19,13,5,8,14,0.38461538461538464,0.2631578947368421,0.3125
clipshots,WyPsFNNxLi0,4836,2,25,1,24,1,0.04,0.5,0.07407407407407407
clipshots,XBDJB9U_3ns,4206,12,16,12,4,0,0.75,1.0,0.8571428571428571
clipshots,XLLiDtZqdGk,3904,0,0,0,0,0,0.0,0.0,0.0
clipshots,XOjqd0qU3DA,4056,10,6,3,3,7,0.5,0.3,0.37499999999999994
clipshots,XT62u6XwSCU,3590,0,0,0,0,0,0.0,0.0,0.0
clipshots,XaD1uUW8A3U,6193,49,41,41,0,8,1.0,0.8367346938775511,0.9111111111111111
clipshots,XgsXTCLp6X4,4215,85,80,76,4,9,0.95,0.8941176470588236,0.9212121212121211
clipshots,XhMgRSk3_lI,7648,0,0,0,0,0,0.0,0.0,0.0
clipshots,XiuL0MTnNgw,11226,0,3,0,3,0,0.0,0.0,0.0
clipshots,Y94-qOkEtZA,4235,5,10,5,5,0,0.5,1.0,0.6666666666666666
clipshots,Y9tFger41vo,3840,0,1,0,1,0,0.0,0.0,0.0
clipshots,YJj7elPwgxo,8270,38,45,37,8,1,0.8222222222222222,0.9736842105263158,0.891566265060241
clipshots,YYHTrUGcx2g,7044,6,8,5,3,1,0.625,0.8333333333333334,0.7142857142857143
clipshots,YYQDWbu8sEA,5980,33,72,32,40,1,0.4444444444444444,0.9696969696969697,0.6095238095238095
clipshots,ZSiY8EQRBx0,4408,1,2,1,1,0,0.5,1.0,0.6666666666666666
clipshots,ZhLmMIDreWI,3257,5,29,4,25,1,0.13793103448275862,0.8,0.2352941176470588
clipshots,Zoj_-rPnxGw,3599,1,2,0,2,1,0.0,0.0,0.0
clipshots,ZpcnrUE8n7I,3734,0,0,0,0,0,0.0,0.0,0.0
clipshots,ZvXSvHb6bxU,7554,30,36,30,6,0,0.8333333333333334,1.0,0.9090909090909091
clipshots,_6cvi36-15c,12370,1,7,1,6,0,0.14285714285714285,1.0,0.25
clipshots,_7tDlVM0Xrg,4423,15,16,12,4,3,0.75,0.8,0.7741935483870969
clipshots,_Fpvnc8ZgLU,5729,18,73,17,56,1,0.2328767123287671,0.9444444444444444,0.3736263736263736
clipshots,_WMFhNlfVfk,11482,5,28,4,24,1,0.14285714285714285,0.8,0.24242424242424243
clipshots,_cDuNLUT8cI,12474,0,0,0,0,0,0.0,0.0,0.0
clipshots,_eJYJ2jja1w,7050,0,2,0,2,0,0.0,0.0,0.0
clipshots,_eRAEilK_n4,5578,34,30,29,1,5,0.9666666666666667,0.8529411764705882,0.90625
clipshots,_rwAEfRbMq8,5240,3,50,3,47,0,0.06,1.0,0.11320754716981131
clipshots,aMzk7hNcoqo,9539,0,0,0,0,0,0.0,0.0,0.0
clipshots,aRWSaX-tVTk,3819,10,11,8,3,2,0.7272727272727273,0.8,0.761904761904762
clipshots,aeeq1ffqnAU,5763,0,0,0,0,0,0.0,0.0,0.0
clipshots,agu2oLm-QKA,5266,36,37,35,2,1,0.9459459459459459,0.9722222222222222,0.9589041095890412
clipshots,b2XcwIYAztY,3977,1,6,1,5,0,0.16666666666666666,1.0,0.2857142857142857
clipshots,bpCvjPOdW2M,3860,33,32,25,7,8,0.78125,0.7575757575757576,0.7692307692307692
clipshots,c-2v6COqFy0,6690,33,37,32,5,1,0.8648648648648649,0.9696969696969697,0.9142857142857143
clipshots,cE4yWlXfWqk,4525,0,4,0,4,0,0.0,0.0,0.0
clipshots,chtGkClhyOw,3795,0,10,0,10,0,0.0,0.0,0.0
clipshots,cmAgKdcvP64,13271,0,6,0,6,0,0.0,0.0,0.0
clipshots,eYJFvq3w_PM,11937,3,4,1,3,2,0.25,0.3333333333333333,0.28571428571428575
clipshots,ewCLs8CJEGQ,3519,1,2,0,2,1,0.0,0.0,0.0
clipshots,f3n95XUplsY,14595,8,13,5,8,3,0.38461538461538464,0.625,0.4761904761904762
clipshots,f4xPXNwdjao,5196,7,11,7,4,0,0.6363636363636364,1.0,0.7777777777777778
clipshots,fLOp5wjnzVs,5594,0,0,0,0,0,0.0,0.0,0.0
clipshots,fLX3vIhb2yQ,5968,6,32,6,26,0,0.1875,1.0,0.3157894736842105
clipshots,fiHV3dpCC3o,11346,1,2,1,1,0,0.5,1.0,0.6666666666666666
clipshots,g6Nasr864Zk,6744,55,142,51,91,4,0.3591549295774648,0.9272727272727272,0.5177664974619289
clipshots,g7ZScknSWAE,4427,5,7,3,4,2,0.42857142857142855,0.6,0.5
clipshots,gD6ORNVSk8o,8348,8,27,0,27,8,0.0,0.0,0.0
clipshots,gs-o7elkwe8,4548,15,20,10,10,5,0.5,0.6666666666666666,0.5714285714285715
clipshots,h-hPl-uD6iE,3862,0,1,0,1,0,0.0,0.0,0.0
clipshots,hPCmeqBtG9Q,6296,0,8,0,8,0,0.0,0.0,0.0
clipshots,hPy4MhsB1eA,3460,12,12,12,0,0,1.0,1.0,1.0
clipshots,hUoDOxOxK1I,7494,34,43,32,11,2,0.7441860465116279,0.9411764705882353,0.8311688311688312
clipshots,hkwHYM7cG4M,8076,22,30,17,13,5,0.5666666666666667,0.7727272727272727,0.6538461538461539
clipshots,i-sPxB3tF2A,5081,4,9,4,5,0,0.4444444444444444,1.0,0.6153846153846153
clipshots,iCB9X0ud__o,3930,0,6,0,6,0,0.0,0.0,0.0
clipshots,iPQwfePtoEM,6075,14,6,0,6,14,0.0,0.0,0.0
clipshots,iPZSliXl8M4,5007,42,35,34,1,8,0.9714285714285714,0.8095238095238095,0.8831168831168832
clipshots,iQwc3cv2yWQ,6702,0,29,0,29,0,0.0,0.0,0.0
clipshots,i_jt7qMwlQk,3751,10,9,8,1,2,0.8888888888888888,0.8,0.8421052631578948
clipshots,jaKNlaRL1Bw,3662,4,4,4,0,0,1.0,1.0,1.0
clipshots,jxJGhxcWMLI,3149,13,12,12,0,1,1.0,0.9230769230769231,0.9600000000000001
clipshots,k9Qp0vWlr-o,4041,0,5,0,5,0,0.0,0.0,0.0
clipshots,kBeHUZQnDc4,6467,0,0,0,0,0,0.0,0.0,0.0
clipshots,kCeDy55jLds,7934,0,120,0,120,0,0.0,0.0,0.0
clipshots,kCgX4BpXbmU,5062,1,2,1,1,0,0.5,1.0,0.6666666666666666
clipshots,kMPgNutxTOY,8990,11,34,10,24,1,0.29411764705882354,0.9090909090909091,0.4444444444444445
clipshots,kUc-bEyFJWA,5678,12,13,12,1,0,0.9230769230769231,1.0,0.9600000000000001
clipshots,kUx79Bhi5VQ,14546,0,1,0,1,0,0.0,0.0,0.0
clipshots,kYvLWV4LjhQ,4727,1,1,1,0,0,1.0,1.0,1.0
clipshots,kZzD4YR6Qak,8996,0,0,0,0,0,0.0,0.0,0.0
clipshots,klZU3H0StYM,7283,13,13,13,0,0,1.0,1.0,1.0
clipshots,ktjHYuRkF5g,4572,73,60,60,0,13,1.0,0.821917808219178,0.9022556390977443
clipshots,l7renDnPKYc,8474,0,7,0,7,0,0.0,0.0,0.0
clipshots,l84vS1-rsLk,7538,0,11,0,11,0,0.0,0.0,0.0
clipshots,lGhzW5-wj2s,3403,1,4,1,3,0,0.25,1.0,0.4
clipshots,lHZHCMnTYwU,3737,1,12,1,11,0,0.08333333333333333,1.0,0.15384615384615385
clipshots,lh267vuv4Gg,9408,64,60,58,2,6,0.9666666666666667,0.90625,0.9354838709677419
clipshots,lww8V6u2qnc,5185,3,3,2,1,1,0.6666666666666666,0.6666666666666666,0.6666666666666666
clipshots,mq6gZQCCYrg,4862,47,48,47,1,0,0.9791666666666666,1.0,0.9894736842105264
clipshots,mrVFUS85nnQ,3910,10,12,10,2,0,0.8333333333333334,1.0,0.9090909090909091
clipshots,nF12GxSfI10,12228,1,11,1,10,0,0.09090909090909091,1.0,0.16666666666666669
clipshots,nh-7NXR6Wdg,5346,0,5,0,5,0,0.0,0.0,0.0
clipshots,njOw-EsPp4o,13342,55,33,28,5,27,0.8484848484848485,0.509090909090909,0.6363636363636364
clipshots,nskFgMuw5UY,7885,0,0,0,0,0,0.0,0.0,0.0
clipshots,nvAAD69Ppf8,3587,0,0,0,0,0,0.0,0.0,0.0
clipshots,oexAVKQVsro,4252,9,19,9,10,0,0.47368421052631576,1.0,0.6428571428571429
clipshots,osPo2GWxFKM,5176,1,1,1,0,0,1.0,1.0,1.0
clipshots,pTO-SgJUl9A,7814,90,142,56,86,34,0.39436619718309857,0.6222222222222222,0.4827586206896552
clipshots,pTzxpgAFQeM,14321,0,18,0,18,0,0.0,0.0,0.0
clipshots,qmkVuI9M7P0,4313,17,34,17,17,0,0.5,1.0,0.6666666666666666
clipshots,s32tayY5cuo,8842,29,43,29,14,0,0.6744186046511628,1.0,0.8055555555555556
clipshots,sD4ozNrT_jU,5368,0,0,0,0,0,0.0,0.0,0.0
clipshots,sP-PRBEUmKc,3523,0,0,0,0,0,0.0,0.0,0.0
clipshots,sRs1RZMgaWo,6173,0,0,0,0,0,0.0,0.0,0.0
clipshots,seBneZZusZ4,10200,0,0,0,0,0,0.0,0.0,0.0
clipshots,slBSkqM9KDE,3460,9,17,6,11,3,0.35294117647058826,0.6666666666666666,0.46153846153846156
clipshots,sleope9LneY,4329,0,0,0,0,0,0.0,0.0,0.0
clipshots,spz3IRswkbk,10526,0,6,0,6,0,0.0,0.0,0.0
clipshots,t1KlA0nckrs,3072,3,3,3,0,0,1.0,1.0,1.0
clipshots,t8AOUvNN_oE,4468,14,14,14,0,0,1.0,1.0,1.0
clipshots,tCCQaPPbzcQ,5835,0,0,0,0,0,0.0,0.0,0.0
clipshots,tE_oLRa6ywU,3541,2,24,2,22,0,0.08333333333333333,1.0,0.15384615384615385
clipshots,tR5GssruC44,6787,5,24,4,20,1,0.16666666666666666,0.8,0.27586206896551724
clipshots,tZ3hmPCUhTI,10096,1,6,1,5,0,0.16666666666666666,1.0,0.2857142857142857
clipshots,uMO6IVuBXFs,12474,34,30,20,10,14,0.6666666666666666,0.5882352941176471,0.625
clipshots,uYSxRvTJgo8,7117,6,8,5,3,1,0.625,0.8333333333333334,0.7142857142857143
clipshots,uaNcmGGwj9s,11441,75,86,71,15,4,0.8255813953488372,0.9466666666666667,0.8819875776397516
clipshots,uqpTM4Uz8NI,6680,43,44,43,1,0,0.9772727272727273,1.0,0.9885057471264368
clipshots,uwmgj9zGZAc,6739,16,19,16,3,0,0.8421052631578947,1.0,0.9142857142857143
clipshots,v-EGWcNgrjM,4672,0,3,0,3,0,0.0,0.0,0.0
clipshots,vAXW95d8MDE,13071,91,90,89,1,2,0.9888888888888889,0.978021978021978,0.9834254143646408
clipshots,vX5VoWgvblM,6552,0,0,0,0,0,0.0,0.0,0.0
clipshots,vibreeK9MQo,7623,8,5,5,0,3,1.0,0.625,0.7692307692307693
clipshots,vj_OJ5Bqf8g,3803,0,8,0,8,0,0.0,0.0,0.0
clipshots,vr6hkToePuI,8400,31,60,22,38,9,0.36666666666666664,0.7096774193548387,0.48351648351648346
clipshots,vvtO_fPZTIE,8221,0,2,0,2,0,0.0,0.0,0.0
clipshots,wIDquyvhdVU,3799,0,0,0,0,0,0.0,0.0,0.0
clipshots,wIWLcSt6FB8,4909,1,1,1,0,0,1.0,1.0,1.0
clipshots,wX-XxnZ5AD0,3747,4,14,4,10,0,0.2857142857142857,1.0,0.4444444444444445
clipshots,wZLIGVzWzh0,12171,24,28,24,4,0,0.8571428571428571,1.0,0.923076923076923
clipshots,wZmrSKyHRIw,6519,3,12,3,9,0,0.25,1.0,0.4
clipshots,wg2lG9zlMcA,4634,3,4,3,1,0,0.75,1.0,0.8571428571428571
clipshots,x2_0lx-Jzro,9858,9,10,8,2,1,0.8,0.8888888888888888,0.8421052631578948
clipshots,xKsKm4xOi90,4225,11,13,11,2,0,0.8461538461538461,1.0,0.9166666666666666
clipshots,xSsINBcY39A,3813,0,0,0,0,0,0.0,0.0,0.0
clipshots,xpCx3ZAgTTU,3796,9,13,9,4,0,0.6923076923076923,1.0,0.8181818181818181
clipshots,xsc42DRddlk,2979,0,0,0,0,0,0.0,0.0,0.0
clipshots,xsoV2DdAtM8,4240,0,7,0,7,0,0.0,0.0,0.0
clipshots,y4yHjRSBSzU,3477,0,2,0,2,0,0.0,0.0,0.0
clipshots,yUiD0ftFLDc,9754,53,60,51,9,2,0.85,0.9622641509433962,0.9026548672566371
clipshots,yrVTtzVWtCk,4565,13,23,12,11,1,0.5217391304347826,0.9230769230769231,0.6666666666666667
clipshots,zFXUVHRiVZQ,11880,4,4,3,1,1,0.75,0.75,0.75
clipshots,zgBMFnq0CNc,6309,32,27,27,0,5,1.0,0.84375,0.9152542372881356
clipshots,zpVf_GxRYb0,9351,44,59,44,15,0,0.7457627118644068,1.0,0.8543689320388349
